timestamp,temperature_c,humidity_percent,occupancy,light_level,air_quality,power_watts,energy_kwh
2024-12-21 00:00:00,24,67.8,0,750,373,37,0.009
2024-12-21 00:15:00,24.3,67.3,0,1676,367,37,0.018
2024-12-21 00:30:00,24,65.7,0,1125,365,45,0.03
2024-12-21 00:45:00,24.7,65.8,0,1672,368,44,0.041
2024-12-21 01:00:00,24.7,68.6,0,1050,369,41,0.051
2024-12-21 01:15:00,24.4,67.6,0,1032,371,18,0.055
2024-12-21 01:30:00,24.3,68.0,0,1385,361,40,0.065
2024-12-21 01:45:00,24.4,65.5,0,1276,363,27,0.072
2024-12-21 02:00:00,24.2,66.4,0,631,362,22,0.078
2024-12-21 02:15:00,24.9,68.4,0,1602,361,34,0.086
2024-12-21 02:30:00,25.3,68.1,0,594,361,32,0.094
2024-12-21 02:45:00,25.5,64.3,0,794,369,30,0.102
2024-12-21 03:00:00,25.2,67.1,0,1669,370,31,0.11
2024-12-21 03:15:00,26.0,68.6,0,1228,378,24,0.116
2024-12-21 03:30:00,26.9,67.0,0,1471,384,18,0.12
2024-12-21 03:45:00,27.0,68.0,0,1459,383,28,0.127
2024-12-21 04:00:00,26.8,63.4,0,1176,362,31,0.135
2024-12-21 04:15:00,28.0,65.9,0,1248,386,31,0.143
2024-12-21 04:30:00,27.5,63.5,0,1134,368,43,0.153
2024-12-21 04:45:00,27.4,64.5,0,1526,377,20,0.158
2024-12-21 05:00:00,28.2,66.9,0,583,380,22,0.164
2024-12-21 05:15:00,29.5,62.1,0,883,373,41,0.174
2024-12-21 05:30:00,29.8,61.3,0,512,391,40,0.184
2024-12-21 05:45:00,30.0,64.1,0,889,392,20,0.189
2024-12-21 06:00:00,30.5,64.6,0,615,387,23,0.195
2024-12-21 06:15:00,30.4,63.5,0,607,402,26,0.201
2024-12-21 06:30:00,30.9,63.2,0,825,394,33,0.21
2024-12-21 06:45:00,31.8,60.5,0,1485,398,25,0.216
2024-12-21 07:00:00,30.9,60.6,0,645,381,40,0.226
2024-12-21 07:15:00,32.4,62.5,0,670,396,28,0.233
2024-12-21 07:30:00,31.8,63.7,0,1206,409,34,0.241
2024-12-21 07:45:00,33.2,61.6,0,1038,411,29,0.249
2024-12-21 08:00:00,33.2,59.1,1,1412,395,237,0.308
2024-12-21 08:15:00,33.8,62.0,0,1347,393,38,0.317
2024-12-21 08:30:00,33.6,59.3,1,1424,412,227,0.374
2024-12-21 08:45:00,33.5,59.8,1,1698,421,300,0.449
2024-12-21 09:00:00,34.3,58.6,1,3382,404,252,0.512
2024-12-21 09:15:00,35.1,61.2,0,3251,417,37,0.521
2024-12-21 09:30:00,34.2,57.9,1,3543,410,225,0.578
2024-12-21 09:45:00,35.4,61.1,1,3390,414,265,0.644
2024-12-21 10:00:00,35.0,61.4,1,3275,403,252,0.707
2024-12-21 10:15:00,35.4,60.0,1,3516,412,225,0.763
2024-12-21 10:30:00,35.2,59.9,1,2529,415,232,0.821
2024-12-21 10:45:00,35.8,60.5,1,3378,422,274,0.89
2024-12-21 11:00:00,36.4,57.8,1,3383,429,288,0.962
2024-12-21 11:15:00,36.2,58.7,1,2801,423,255,1.025
2024-12-21 11:30:00,35.4,60.6,1,2562,418,322,1.106
2024-12-21 11:45:00,35.7,60.9,1,3153,431,314,1.184
2024-12-21 12:00:00,36.3,58.5,0,2762,426,22,1.19
2024-12-21 12:15:00,36.1,58.1,1,2763,412,206,1.241
2024-12-21 12:30:00,36.3,60.3,1,3261,422,278,1.311
2024-12-21 12:45:00,36.0,57.8,1,2466,413,216,1.365
2024-12-21 13:00:00,35.2,59.0,1,2478,427,251,1.428
2024-12-21 13:15:00,36.1,58.2,1,2449,416,305,1.504
2024-12-21 13:30:00,35.7,57.4,1,2600,427,300,1.579
2024-12-21 13:45:00,35.3,61.1,1,3018,414,246,1.64
2024-12-21 14:00:00,35.7,57.9,1,2411,419,260,1.705
2024-12-21 14:15:00,34.8,57.4,0,3286,424,38,1.715
2024-12-21 14:30:00,34.4,59.9,0,2994,426,19,1.72
2024-12-21 14:45:00,34.9,57.4,1,2530,427,245,1.781
2024-12-21 15:00:00,33.9,61.9,1,3539,429,263,1.847
2024-12-21 15:15:00,34.6,60.3,1,2547,416,274,1.915
2024-12-21 15:30:00,34.3,59.1,1,2807,432,348,2.002
2024-12-21 15:45:00,33.7,59.5,1,3008,422,261,2.067
2024-12-21 16:00:00,33.5,60.6,1,3047,427,297,2.142
2024-12-21 16:15:00,32.3,59.6,1,558,410,304,2.218
2024-12-21 16:30:00,31.9,59.8,1,1279,414,293,2.291
2024-12-21 16:45:00,31.3,60.4,1,1058,423,353,2.379
2024-12-21 17:00:00,31.5,60.6,1,668,400,267,2.446
2024-12-21 17:15:00,30.5,64.2,0,988,410,22,2.451
2024-12-21 17:30:00,31.4,60.3,1,835,406,351,2.539
2024-12-21 17:45:00,30.6,63.7,1,906,411,314,2.618
2024-12-21 18:00:00,30.6,62.3,1,1540,401,253,2.681
2024-12-21 18:15:00,29.5,61.4,1,1150,392,232,2.739
2024-12-21 18:30:00,29.3,64.8,0,1359,402,23,2.745
2024-12-21 18:45:00,29.0,65.1,1,1034,402,217,2.799
2024-12-21 19:00:00,28.7,64.4,1,1667,390,152,2.837
2024-12-21 19:15:00,28.4,63.2,1,538,383,300,2.912
2024-12-21 19:30:00,28.1,65.2,1,740,383,325,2.993
2024-12-21 19:45:00,27.9,66.3,0,657,389,31,3.001
2024-12-21 20:00:00,26.4,66.0,1,1239,386,234,3.059
2024-12-21 20:15:00,26.6,67.9,0,852,373,41,3.07
2024-12-21 20:30:00,26.6,63.8,1,621,392,251,3.132
2024-12-21 20:45:00,26.4,65.5,1,1108,375,255,3.196
2024-12-21 21:00:00,25.2,67.4,1,1286,375,198,3.246
2024-12-21 21:15:00,25.6,66.7,1,1642,391,251,3.308
2024-12-21 21:30:00,25.8,66.5,0,1545,366,19,3.313
2024-12-21 21:45:00,24.4,69.1,1,658,372,180,3.358
2024-12-21 22:00:00,24.8,69.2,1,823,383,274,3.427
2024-12-21 22:15:00,25.1,66.2,0,1454,378,37,3.436
2024-12-21 22:30:00,24.7,66.4,0,1010,385,28,3.443
2024-12-21 22:45:00,24.4,68.8,0,523,382,33,3.451
2024-12-21 23:00:00,24.4,65.5,0,1647,382,42,3.462
2024-12-21 23:15:00,24.4,67.4,0,1334,364,20,3.467
2024-12-21 23:30:00,24,68.5,0,983,361,35,3.475
2024-12-21 23:45:00,24,68.6,0,500,361,23,3.481
2024-12-22 00:00:00,24,66.7,0,1527,361,36,3.49
2024-12-22 00:15:00,24,66.0,0,1470,374,36,3.499
2024-12-22 00:30:00,24,69.0,0,870,372,25,3.505
2024-12-22 00:45:00,24,67.6,0,1261,361,43,3.516
2024-12-22 01:00:00,24.7,65.7,0,1270,361,40,3.526
2024-12-22 01:15:00,24,66.2,0,839,368,44,3.537
2024-12-22 01:30:00,24.4,67.6,0,1421,361,26,3.544
2024-12-22 01:45:00,24.8,69.6,0,960,379,20,3.549
2024-12-22 02:00:00,24.4,68.7,0,1052,379,45,3.56
2024-12-22 02:15:00,25.5,64.5,0,502,371,33,3.568
2024-12-22 02:30:00,24.8,65.2,0,1268,378,41,3.578
2024-12-22 02:45:00,25.1,67.8,0,1334,361,26,3.585
2024-12-22 03:00:00,25.8,66.7,0,1146,381,33,3.593
2024-12-22 03:15:00,26.5,65.6,0,1373,361,41,3.603
2024-12-22 03:30:00,26.4,67.0,0,612,361,25,3.61
2024-12-22 03:45:00,27.0,66.7,0,811,366,23,3.615
2024-12-22 04:00:00,27.3,66.2,0,660,385,29,3.623
2024-12-22 04:15:00,27.9,63.4,0,1580,369,37,3.632
2024-12-22 04:30:00,28.1,63.4,0,905,385,21,3.637
2024-12-22 04:45:00,28.7,66.3,0,993,371,38,3.647
2024-12-22 05:00:00,28.9,62.8,0,1574,374,37,3.656
2024-12-22 05:15:00,28.9,64.4,0,1548,395,45,3.667
2024-12-22 05:30:00,29.0,61.9,0,1449,395,45,3.678
2024-12-22 05:45:00,29.4,62.1,0,1130,375,43,3.689
2024-12-22 06:00:00,30.2,62.9,0,610,388,36,3.698
2024-12-22 06:15:00,30.5,60.6,0,1167,393,27,3.705
2024-12-22 06:30:00,31.3,62.9,0,1093,400,37,3.714
2024-12-22 06:45:00,30.6,64.8,0,853,390,21,3.719
2024-12-22 07:00:00,31.4,61.8,0,1339,385,23,3.725
2024-12-22 07:15:00,31.7,61.0,0,629,398,42,3.736
2024-12-22 07:30:00,31.8,59.5,0,1548,399,45,3.747
2024-12-22 07:45:00,32.6,59.9,0,1159,399,18,3.751
2024-12-22 08:00:00,33.2,63.1,0,1110,406,23,3.757
2024-12-22 08:15:00,32.9,59.4,1,755,391,269,3.824
2024-12-22 08:30:00,33.5,60.2,0,632,413,41,3.835
2024-12-22 08:45:00,33.9,61.2,0,1414,415,40,3.845
2024-12-22 09:00:00,34.0,61.2,1,2998,397,342,3.93
2024-12-22 09:15:00,34.9,57.1,1,2894,408,275,3.999
2024-12-22 09:30:00,35.2,58.7,1,3427,418,244,4.06
2024-12-22 09:45:00,34.4,59.6,1,2768,427,227,4.117
2024-12-22 10:00:00,34.7,58.7,1,3136,403,320,4.197
2024-12-22 10:15:00,35.5,58.1,1,3304,425,233,4.255
2024-12-22 10:30:00,35.5,59.5,1,3311,421,192,4.303
2024-12-22 10:45:00,36.3,59.6,0,2402,410,41,4.313
2024-12-22 11:00:00,36.5,56.6,1,3157,411,302,4.389
2024-12-22 11:15:00,36.1,57.4,1,3512,427,369,4.481
2024-12-22 11:30:00,36.1,59.0,1,3367,418,241,4.541
2024-12-22 11:45:00,35.9,56.9,1,3219,409,245,4.602
2024-12-22 12:00:00,36.7,57.2,1,3323,430,282,4.673
2024-12-22 12:15:00,35.9,59.2,1,3120,414,336,4.757
2024-12-22 12:30:00,35.6,60.9,1,3181,438,376,4.851
2024-12-22 12:45:00,35.5,56.7,1,3562,424,374,4.944
2024-12-22 13:00:00,35.1,58.5,1,3033,436,283,5.015
2024-12-22 13:15:00,35.4,60.3,0,2585,412,37,5.024
2024-12-22 13:30:00,35.9,56.5,1,3207,419,312,5.102
2024-12-22 13:45:00,35.0,59.3,1,3479,427,317,5.182
2024-12-22 14:00:00,35.2,56.8,1,2625,422,295,5.255
2024-12-22 14:15:00,34.5,57.3,1,2603,417,230,5.313
2024-12-22 14:30:00,35.5,56.5,0,3347,430,32,5.321
2024-12-22 14:45:00,34.8,59.3,0,2680,418,28,5.328
2024-12-22 15:00:00,34.2,59.9,1,2586,428,345,5.414
2024-12-22 15:15:00,33.4,61.6,1,3442,431,265,5.48
2024-12-22 15:30:00,33.3,60.5,1,2801,415,225,5.537
2024-12-22 15:45:00,33.9,58.2,1,2477,421,315,5.615
2024-12-22 16:00:00,33.1,58.5,1,3192,405,197,5.665
2024-12-22 16:15:00,32.3,61.0,1,584,427,285,5.736
2024-12-22 16:30:00,32.5,61.0,1,965,422,295,5.81
2024-12-22 16:45:00,31.3,60.2,1,997,421,302,5.885
2024-12-22 17:00:00,31.1,61.5,1,550,414,369,5.977
2024-12-22 17:15:00,31.1,60.7,0,832,402,35,5.986
2024-12-22 17:30:00,30.6,61.1,0,1462,411,42,5.997
2024-12-22 17:45:00,30.7,64.0,0,1656,400,27,6.003
2024-12-22 18:00:00,29.8,65.4,1,1217,398,325,6.085
2024-12-22 18:15:00,30.2,61.8,1,555,413,230,6.142
2024-12-22 18:30:00,28.9,61.7,0,594,405,30,6.15
2024-12-22 18:45:00,29.4,62.4,1,1038,398,319,6.229
2024-12-22 19:00:00,27.9,63.8,0,1014,381,36,6.238
2024-12-22 19:15:00,28.8,62.2,0,1537,387,26,6.245
2024-12-22 19:30:00,27.1,64.4,1,1475,403,273,6.313
2024-12-22 19:45:00,26.7,65.8,1,1019,391,330,6.396
2024-12-22 20:00:00,26.5,68.0,1,1627,387,276,6.465
2024-12-22 20:15:00,26.0,66.9,0,1556,376,38,6.474
2024-12-22 20:30:00,26.0,64.1,1,877,383,271,6.542
2024-12-22 20:45:00,26.3,64.3,1,523,386,304,6.618
2024-12-22 21:00:00,25.8,64.5,1,1395,393,188,6.665
2024-12-22 21:15:00,26.1,64.2,1,549,364,289,6.737
2024-12-22 21:30:00,25.9,65.3,1,1685,364,206,6.789
2024-12-22 21:45:00,24.5,68.8,1,1462,368,296,6.863
2024-12-22 22:00:00,24.9,67.5,0,1137,382,34,6.871
2024-12-22 22:15:00,25.2,69.5,0,1006,379,22,6.877
2024-12-22 22:30:00,25.1,69.6,0,708,371,21,6.882
2024-12-22 22:45:00,24.1,65.4,0,1302,361,39,6.892
2024-12-22 23:00:00,24,68.6,0,543,376,23,6.897
2024-12-22 23:15:00,24,69.2,0,1427,376,35,6.906
2024-12-22 23:30:00,24.6,65.7,0,775,371,33,6.914
2024-12-22 23:45:00,24.4,68.0,0,1215,365,44,6.925
2024-12-23 00:00:00,24.7,67.3,0,1228,361,21,6.931
2024-12-23 00:15:00,24,69.5,0,1559,361,19,6.935
2024-12-23 00:30:00,24.7,68.3,0,1291,377,43,6.946
2024-12-23 00:45:00,24.5,67.2,0,873,361,45,6.957
2024-12-23 01:00:00,24.1,68.5,0,1116,361,37,6.967
2024-12-23 01:15:00,24.7,65.6,0,1050,371,29,6.974
2024-12-23 01:30:00,24.6,68.9,0,1665,363,32,6.982
2024-12-23 01:45:00,25.3,65.7,0,1320,375,39,6.992
2024-12-23 02:00:00,24.8,65.7,0,1327,361,36,7.001
2024-12-23 02:15:00,25.1,68.8,0,1232,373,34,7.009
2024-12-23 02:30:00,24.6,65.1,0,957,372,42,7.02
2024-12-23 02:45:00,24.8,68.1,0,944,370,42,7.03
2024-12-23 03:00:00,26.1,64.1,0,804,361,43,7.041
2024-12-23 03:15:00,26.6,66.5,0,1238,375,24,7.047
2024-12-23 03:30:00,26.1,63.8,0,735,370,41,7.057
2024-12-23 03:45:00,26.3,68.4,0,1157,369,42,7.068
2024-12-23 04:00:00,26.5,64.8,0,1482,372,41,7.078
2024-12-23 04:15:00,27.1,63.2,0,1448,374,41,7.088
2024-12-23 04:30:00,28.1,62.3,0,1633,371,37,7.097
2024-12-23 04:45:00,27.6,67.4,0,935,373,41,7.108
2024-12-23 05:00:00,28.1,64.4,0,543,381,36,7.117
2024-12-23 05:15:00,29.5,63.4,0,1589,378,38,7.126
2024-12-23 05:30:00,29.6,63.5,0,1222,389,43,7.137
2024-12-23 05:45:00,29.1,63.4,0,675,380,35,7.146
2024-12-23 06:00:00,30.1,61.9,0,1129,383,36,7.155
2024-12-23 06:15:00,30.8,61.8,0,543,383,44,7.166
2024-12-23 06:30:00,31.3,62.4,0,877,399,24,7.172
2024-12-23 06:45:00,31.4,62.7,0,524,391,37,7.181
2024-12-23 07:00:00,31.2,61.1,0,1218,404,27,7.188
2024-12-23 07:15:00,32.0,63.5,0,1403,384,38,7.197
2024-12-23 07:30:00,32.3,60.1,0,1592,407,36,7.206
2024-12-23 07:45:00,33.3,60.9,0,996,405,31,7.214
2024-12-23 08:00:00,33.1,59.7,1,983,390,329,7.296
2024-12-23 08:15:00,33.9,58.8,1,622,416,274,7.365
2024-12-23 08:30:00,33.8,62.0,1,945,394,211,7.417
2024-12-23 08:45:00,34.1,58.9,0,1347,413,28,7.424
2024-12-23 09:00:00,34.9,61.7,1,2981,397,193,7.473
2024-12-23 09:15:00,34.1,61.1,1,3564,406,318,7.552
2024-12-23 09:30:00,35.2,57.9,1,2410,418,236,7.611
2024-12-23 09:45:00,34.7,60.3,1,2574,424,344,7.697
2024-12-23 10:00:00,34.7,61.1,1,3428,420,277,7.766
2024-12-23 10:15:00,35.6,58.5,1,2722,418,332,7.849
2024-12-23 10:30:00,35.0,60.0,0,2868,420,20,7.854
2024-12-23 10:45:00,36.2,56.6,1,3221,409,234,7.913
2024-12-23 11:00:00,35.9,57.4,1,3585,409,350,8.0
2024-12-23 11:15:00,36.5,58.0,1,3090,416,316,8.079
2024-12-23 11:30:00,36.0,58.0,1,3118,421,296,8.153
2024-12-23 11:45:00,36.3,59.4,1,3522,422,210,8.206
2024-12-23 12:00:00,36.4,60.5,1,3445,436,286,8.277
2024-12-23 12:15:00,35.5,56.5,1,2602,419,235,8.336
2024-12-23 12:30:00,36.6,57.1,1,3072,422,350,8.424
2024-12-23 12:45:00,36.2,59.5,0,2819,424,34,8.432
2024-12-23 13:00:00,35.6,56.5,1,2911,423,374,8.526
2024-12-23 13:15:00,36.0,60.7,1,3386,411,245,8.587
2024-12-23 13:30:00,35.7,58.2,1,3541,430,324,8.668
2024-12-23 13:45:00,35.1,58.1,1,2509,438,225,8.724
2024-12-23 14:00:00,35.6,58.1,1,2834,425,239,8.784
2024-12-23 14:15:00,35.4,56.7,1,3171,417,268,8.851
2024-12-23 14:30:00,35.4,56.5,1,3440,426,314,8.929
2024-12-23 14:45:00,33.9,62.6,1,2529,408,241,8.99
2024-12-23 15:00:00,34.6,58.8,1,2425,410,221,9.045
2024-12-23 15:15:00,34.2,59.5,1,2741,417,219,9.1
2024-12-23 15:30:00,33.9,61.4,1,3560,417,205,9.151
2024-12-23 15:45:00,33.7,60.8,1,2600,409,333,9.234
2024-12-23 16:00:00,33.6,60.3,1,3124,404,359,9.324
2024-12-23 16:15:00,33.2,61.9,1,1395,403,263,9.39
2024-12-23 16:30:00,32.7,63.2,1,1035,408,303,9.465
2024-12-23 16:45:00,32.0,63.8,1,620,404,236,9.524
2024-12-23 17:00:00,31.2,62.9,0,1329,398,28,9.531
2024-12-23 17:15:00,31.4,63.4,0,1340,416,44,9.542
2024-12-23 17:30:00,30.2,64.9,1,681,412,191,9.59
2024-12-23 17:45:00,30.5,60.6,1,1404,413,281,9.66
2024-12-23 18:00:00,30.5,62.6,1,1637,391,302,9.736
2024-12-23 18:15:00,29.1,65.0,1,1517,414,167,9.778
2024-12-23 18:30:00,28.7,63.2,1,1272,404,259,9.842
2024-12-23 18:45:00,29.1,61.9,1,1695,396,300,9.917
2024-12-23 19:00:00,28.2,62.2,1,1289,387,241,9.978
2024-12-23 19:15:00,28.7,65.7,0,607,401,38,9.987
2024-12-23 19:30:00,27.6,64.1,1,582,395,289,10.059
2024-12-23 19:45:00,27.5,66.2,0,768,390,36,10.068
2024-12-23 20:00:00,26.8,64.9,1,1459,392,165,10.11
2024-12-23 20:15:00,27.1,66.7,1,1079,377,192,10.158
2024-12-23 20:30:00,25.9,67.6,1,1401,369,267,10.224
2024-12-23 20:45:00,25.7,69.1,0,719,390,36,10.233
2024-12-23 21:00:00,25.1,65.7,0,1462,371,36,10.242
2024-12-23 21:15:00,25.3,69.4,1,1651,364,264,10.308
2024-12-23 21:30:00,25.4,65.1,1,563,368,253,10.372
2024-12-23 21:45:00,24.8,67.5,1,502,369,188,10.419
2024-12-23 22:00:00,24.5,65.9,1,1133,372,282,10.489
2024-12-23 22:15:00,25.2,66.5,0,617,372,39,10.499
2024-12-23 22:30:00,24.3,67.5,0,968,361,37,10.508
2024-12-23 22:45:00,24.1,68.3,0,1460,366,45,10.519
2024-12-23 23:00:00,24.4,68.3,0,1251,378,41,10.53
2024-12-23 23:15:00,24,67.5,0,1498,363,19,10.534
2024-12-23 23:30:00,24,67.8,0,982,373,45,10.546
2024-12-23 23:45:00,24.4,67.1,0,1500,366,44,10.557
2024-12-24 00:00:00,24,69.5,0,1671,361,45,10.568
2024-12-24 00:15:00,24,66.6,0,1349,361,45,10.579
2024-12-24 00:30:00,24.5,69.8,0,1086,362,19,10.584
2024-12-24 00:45:00,24,66.2,0,1668,378,21,10.589
2024-12-24 01:00:00,24,69.5,0,1563,361,21,10.594
2024-12-24 01:15:00,24.6,68.0,0,1021,363,30,10.602
2024-12-24 01:30:00,24.1,67.3,0,566,361,31,10.61
2024-12-24 01:45:00,24.2,67.0,0,1399,374,36,10.619
2024-12-24 02:00:00,24.2,69.6,0,1663,369,39,10.628
2024-12-24 02:15:00,25.6,68.4,0,1096,361,20,10.633
2024-12-24 02:30:00,25.4,66.1,0,688,369,40,10.643
2024-12-24 02:45:00,25.1,66.6,0,858,361,33,10.652
2024-12-24 03:00:00,25.2,69.2,0,1417,365,33,10.66
2024-12-24 03:15:00,26.2,67.3,0,1291,367,20,10.665
2024-12-24 03:30:00,25.9,68.9,0,790,377,31,10.673
2024-12-24 03:45:00,26.2,64.3,0,575,365,34,10.681
2024-12-24 04:00:00,27.3,66.3,0,1544,387,35,10.69
2024-12-24 04:15:00,28.0,66.1,0,1239,379,29,10.697
2024-12-24 04:30:00,27.3,65.8,0,1523,375,33,10.705
2024-12-24 04:45:00,27.7,66.7,0,925,376,23,10.711
2024-12-24 05:00:00,28.3,65.3,0,1217,393,32,10.719
2024-12-24 05:15:00,29.1,62.4,0,1028,381,20,10.724
2024-12-24 05:30:00,29.6,61.6,0,1192,382,37,10.733
2024-12-24 05:45:00,30.3,64.6,0,1555,376,25,10.74
2024-12-24 06:00:00,30.2,62.0,0,765,377,42,10.75
2024-12-24 06:15:00,30.5,63.0,0,533,402,37,10.759
2024-12-24 06:30:00,30.5,64.5,0,936,382,24,10.765
2024-12-24 06:45:00,30.9,63.8,0,1101,392,34,10.774
2024-12-24 07:00:00,31.3,64.1,0,761,390,29,10.781
2024-12-24 07:15:00,31.3,60.3,0,1441,389,25,10.787
2024-12-24 07:30:00,32.7,59.6,0,1660,405,29,10.795
2024-12-24 07:45:00,32.4,61.8,0,1372,393,29,10.802
2024-12-24 08:00:00,32.9,61.1,1,673,390,376,10.896
2024-12-24 08:15:00,33.2,61.0,1,1160,391,352,10.984
2024-12-24 08:30:00,34.2,61.8,1,1060,393,318,11.063
2024-12-24 08:45:00,33.6,61.9,1,1641,410,270,11.131
2024-12-24 09:00:00,34.2,61.2,1,3140,420,382,11.226
2024-12-24 09:15:00,34.2,59.1,1,2611,421,225,11.283
2024-12-24 09:30:00,35.3,60.4,1,3098,406,265,11.349
2024-12-24 09:45:00,35.1,61.0,1,2546,411,287,11.421
2024-12-24 10:00:00,34.8,61.2,1,3246,425,319,11.5
2024-12-24 10:15:00,36.0,60.3,1,2418,410,290,11.573
2024-12-24 10:30:00,34.9,57.9,1,2565,406,342,11.658
2024-12-24 10:45:00,35.6,59.0,1,2664,426,247,11.72
2024-12-24 11:00:00,36.0,56.8,1,3084,420,288,11.792
2024-12-24 11:15:00,36.2,59.2,1,2600,415,292,11.865
2024-12-24 11:30:00,36.0,60.8,0,3435,422,27,11.872
2024-12-24 11:45:00,36.5,58.6,1,2453,421,225,11.928
2024-12-24 12:00:00,36.6,58.1,1,3176,429,260,11.993
2024-12-24 12:15:00,36.0,58.4,1,3461,420,361,12.083
2024-12-24 12:30:00,35.6,59.7,1,2851,416,267,12.15
2024-12-24 12:45:00,36.1,60.7,0,3334,437,28,12.157
2024-12-24 13:00:00,35.1,60.0,0,2840,424,19,12.162
2024-12-24 13:15:00,35.9,58.0,1,2551,414,257,12.226
2024-12-24 13:30:00,35.5,60.9,1,3258,428,327,12.308
2024-12-24 13:45:00,35.2,58.2,1,2730,419,294,12.381
2024-12-24 14:00:00,35.5,58.5,1,3012,414,225,12.438
2024-12-24 14:15:00,34.9,60.9,1,2404,424,307,12.514
2024-12-24 14:30:00,35.1,57.3,1,3233,428,233,12.573
2024-12-24 14:45:00,34.1,60.7,1,2492,418,264,12.639
2024-12-24 15:00:00,33.9,57.8,1,2860,418,229,12.696
2024-12-24 15:15:00,34.3,62.2,1,2597,414,337,12.78
2024-12-24 15:30:00,33.7,61.5,1,3141,410,209,12.832
2024-12-24 15:45:00,33.8,60.7,0,2421,410,20,12.837
2024-12-24 16:00:00,32.8,58.8,1,2836,416,303,12.913
2024-12-24 16:15:00,33.1,63.2,0,943,426,18,12.918
2024-12-24 16:30:00,32.8,60.5,1,1395,425,410,13.02
2024-12-24 16:45:00,31.4,62.0,1,1173,398,315,13.099
2024-12-24 17:00:00,30.9,62.1,0,635,415,29,13.106
2024-12-24 17:15:00,31.0,63.7,1,1037,422,205,13.157
2024-12-24 17:30:00,30.9,63.2,1,1455,402,268,13.224
2024-12-24 17:45:00,29.8,63.3,1,1325,392,307,13.301
2024-12-24 18:00:00,29.3,65.5,1,1204,395,244,13.362
2024-12-24 18:15:00,30.3,63.9,1,536,411,212,13.415
2024-12-24 18:30:00,29.7,65.0,1,1680,400,156,13.454
2024-12-24 18:45:00,29.4,66.0,0,1625,383,40,13.464
2024-12-24 19:00:00,27.8,63.5,1,982,395,234,13.523
2024-12-24 19:15:00,27.4,66.0,1,561,384,314,13.601
2024-12-24 19:30:00,28.4,63.3,1,854,385,215,13.655
2024-12-24 19:45:00,27.9,66.2,1,1115,390,262,13.72
2024-12-24 20:00:00,26.8,66.7,1,1413,390,253,13.784
2024-12-24 20:15:00,26.7,63.8,0,759,374,29,13.791
2024-12-24 20:30:00,26.2,66.6,1,609,385,276,13.86
2024-12-24 20:45:00,26.5,64.4,0,1169,388,38,13.869
2024-12-24 21:00:00,26.4,65.6,1,1399,389,329,13.952
2024-12-24 21:15:00,24.9,67.7,1,685,375,271,14.019
2024-12-24 21:30:00,24.7,68.7,0,1334,390,20,14.024
2024-12-24 21:45:00,25.5,69.0,1,1441,369,182,14.07
2024-12-24 22:00:00,25.1,66.9,1,1501,381,203,14.121
2024-12-24 22:15:00,24.9,68.3,0,1627,385,40,14.131
2024-12-24 22:30:00,24.2,65.3,0,1523,367,36,14.14
2024-12-24 22:45:00,24,70.4,0,1222,361,21,14.145
2024-12-24 23:00:00,24.7,68.9,0,582,365,20,14.15
2024-12-24 23:15:00,24.6,65.4,0,1094,378,44,14.161
2024-12-24 23:30:00,24.6,69.8,0,670,376,32,14.169
2024-12-24 23:45:00,24,66.0,0,1402,361,31,14.177
2024-12-25 00:00:00,24.6,68.7,0,1469,373,23,14.182
2024-12-25 00:15:00,24.1,69.6,0,954,361,33,14.191
2024-12-25 00:30:00,24,68.1,0,1300,361,41,14.201
2024-12-25 00:45:00,24.1,65.8,0,651,371,24,14.207
2024-12-25 01:00:00,24.3,69.6,0,1597,361,35,14.216
2024-12-25 01:15:00,24.6,66.7,0,1442,371,44,14.227
2024-12-25 01:30:00,24.2,66.6,0,1359,376,21,14.232
2024-12-25 01:45:00,24,68.9,0,1403,374,23,14.238
2024-12-25 02:00:00,25.3,65.9,0,1129,361,30,14.245
2024-12-25 02:15:00,24.6,66.3,0,619,365,44,14.256
2024-12-25 02:30:00,25.7,68.2,0,680,363,44,14.267
2024-12-25 02:45:00,24.9,65.5,0,707,374,21,14.272
2024-12-25 03:00:00,26.1,68.0,0,1085,361,43,14.283
2024-12-25 03:15:00,25.5,67.9,0,1411,370,45,14.294
2024-12-25 03:30:00,26.7,63.7,0,697,361,31,14.302
2024-12-25 03:45:00,27.3,65.1,0,1481,375,25,14.308
2024-12-25 04:00:00,27.7,63.4,0,588,367,43,14.319
2024-12-25 04:15:00,27.6,66.8,0,1307,381,34,14.328
2024-12-25 04:30:00,27.3,65.9,0,1459,365,33,14.336
2024-12-25 04:45:00,28.6,62.4,0,1310,378,45,14.347
2024-12-25 05:00:00,29.0,63.8,0,1047,387,29,14.354
2024-12-25 05:15:00,29.0,64.7,0,1270,389,35,14.363
2024-12-25 05:30:00,29.9,63.2,0,1538,381,28,14.37
2024-12-25 05:45:00,29.7,64.8,0,1685,372,25,14.376
2024-12-25 06:00:00,29.6,62.3,0,797,387,25,14.383
2024-12-25 06:15:00,30.1,63.9,0,653,387,43,14.393
2024-12-25 06:30:00,30.2,63.2,0,1465,386,44,14.404
2024-12-25 06:45:00,31.3,62.2,0,1360,402,23,14.41
2024-12-25 07:00:00,31.6,62.7,0,1440,401,27,14.417
2024-12-25 07:15:00,32.4,62.0,0,586,389,42,14.427
2024-12-25 07:30:00,32.8,60.7,0,503,402,22,14.433
2024-12-25 07:45:00,33.1,59.6,0,1648,394,36,14.442
2024-12-25 08:00:00,33.1,59.9,1,1189,389,288,14.514
2024-12-25 08:15:00,32.8,58.8,1,830,394,277,14.583
2024-12-25 08:30:00,33.4,59.8,0,1435,410,25,14.589
2024-12-25 08:45:00,33.3,60.2,1,1217,413,253,14.653
2024-12-25 09:00:00,34.7,61.8,1,3286,406,270,14.72
2024-12-25 09:15:00,34.8,57.8,1,2573,400,291,14.793
2024-12-25 09:30:00,34.5,58.1,1,2623,403,316,14.872
2024-12-25 09:45:00,35.0,59.7,1,2406,403,276,14.941
2024-12-25 10:00:00,35.3,60.5,0,3491,420,31,14.949
2024-12-25 10:15:00,35.2,57.3,1,2545,431,235,15.007
2024-12-25 10:30:00,35.0,61.1,1,2863,406,203,15.058
2024-12-25 10:45:00,35.5,59.6,1,2734,411,272,15.126
2024-12-25 11:00:00,36.2,58.5,1,3413,432,277,15.195
2024-12-25 11:15:00,35.3,59.6,1,3585,432,373,15.289
2024-12-25 11:30:00,36.0,57.3,1,3045,417,314,15.367
2024-12-25 11:45:00,35.8,59.6,1,2695,420,262,15.433
2024-12-25 12:00:00,36.7,58.6,1,3399,429,352,15.521
2024-12-25 12:15:00,35.7,57.3,0,3345,437,24,15.527
2024-12-25 12:30:00,35.8,56.3,1,3564,428,223,15.582
2024-12-25 12:45:00,36.2,55.9,1,2532,412,355,15.671
2024-12-25 13:00:00,35.1,61.5,1,3015,413,256,15.735
2024-12-25 13:15:00,36.0,60.1,1,2452,414,233,15.793
2024-12-25 13:30:00,35.6,56.5,1,3551,422,354,15.882
2024-12-25 13:45:00,34.8,60.5,0,2891,411,23,15.888
2024-12-25 14:00:00,35.1,61.5,0,2489,423,29,15.895
2024-12-25 14:15:00,35.2,59.6,1,2976,433,323,15.976
2024-12-25 14:30:00,34.7,61.8,1,2579,431,321,16.056
2024-12-25 14:45:00,34.5,59.5,1,2805,408,258,16.12
2024-12-25 15:00:00,33.9,61.3,1,2686,425,336,16.204
2024-12-25 15:15:00,34.1,58.5,1,2868,410,329,16.287
2024-12-25 15:30:00,34.1,57.7,0,3259,421,44,16.298
2024-12-25 15:45:00,32.8,63.2,1,3267,407,276,16.367
2024-12-25 16:00:00,32.6,62.3,0,3553,413,21,16.372
2024-12-25 16:15:00,33.1,62.9,1,635,402,258,16.436
2024-12-25 16:30:00,32.5,62.1,1,892,419,234,16.495
2024-12-25 16:45:00,31.9,62.7,1,721,399,382,16.59
2024-12-25 17:00:00,31.6,60.3,1,733,399,267,16.657
2024-12-25 17:15:00,30.7,64.2,1,603,420,227,16.714
2024-12-25 17:30:00,30.5,62.8,1,1548,420,286,16.785
2024-12-25 17:45:00,30.7,63.7,1,553,404,252,16.848
2024-12-25 18:00:00,30.1,65.5,1,811,412,318,16.928
2024-12-25 18:15:00,29.8,61.1,1,1612,401,204,16.979
2024-12-25 18:30:00,29.7,65.1,0,1068,391,19,16.984
2024-12-25 18:45:00,28.6,63.1,1,1110,405,226,17.04
2024-12-25 19:00:00,28.7,63.3,1,848,389,206,17.092
2024-12-25 19:15:00,27.4,65.3,1,1599,404,235,17.15
2024-12-25 19:30:00,28.0,63.4,0,1328,383,38,17.16
2024-12-25 19:45:00,27.8,62.7,1,1040,394,183,17.206
2024-12-25 20:00:00,27.0,68.0,0,1324,388,26,17.212
2024-12-25 20:15:00,26.9,63.5,1,582,396,283,17.283
2024-12-25 20:30:00,26.3,67.8,1,1052,392,187,17.33
2024-12-25 20:45:00,26.0,68.2,1,565,379,255,17.393
2024-12-25 21:00:00,25.9,64.1,0,615,367,29,17.401
2024-12-25 21:15:00,25.3,68.2,1,1535,389,186,17.447
2024-12-25 21:30:00,25.2,65.0,1,1378,372,304,17.523
2024-12-25 21:45:00,25.2,65.5,1,1646,380,156,17.562
2024-12-25 22:00:00,24.6,69.6,1,1135,373,320,17.642
2024-12-25 22:15:00,25.3,65.0,0,660,370,21,17.647
2024-12-25 22:30:00,25.0,69.2,0,1563,376,44,17.658
2024-12-25 22:45:00,24,67.5,0,531,383,37,17.668
2024-12-25 23:00:00,24.6,65.1,0,876,377,35,17.676
2024-12-25 23:15:00,24.7,69.6,0,1462,380,25,17.683
2024-12-25 23:30:00,24,69.7,0,1675,368,40,17.693
2024-12-25 23:45:00,24.6,68.5,0,1692,361,20,17.698
2024-12-26 00:00:00,24.2,69.6,0,1173,361,28,17.705
2024-12-26 00:15:00,24.3,67.1,0,805,361,26,17.711
2024-12-26 00:30:00,24.3,65.3,0,1520,361,23,17.717
2024-12-26 00:45:00,24,65.9,0,693,363,23,17.723
2024-12-26 01:00:00,24.5,65.8,0,1092,365,41,17.733
2024-12-26 01:15:00,24.9,67.2,0,1337,376,38,17.742
2024-12-26 01:30:00,24.3,68.7,0,807,377,31,17.75
2024-12-26 01:45:00,24.1,65.9,0,624,361,42,17.761
2024-12-26 02:00:00,24.7,68.5,0,1352,361,39,17.77
2024-12-26 02:15:00,24.8,65.4,0,1269,372,43,17.781
2024-12-26 02:30:00,25.8,68.4,0,1194,371,31,17.789
2024-12-26 02:45:00,25.4,68.6,0,1652,361,34,17.797
2024-12-26 03:00:00,25.7,65.2,0,809,367,20,17.802
2024-12-26 03:15:00,25.5,67.4,0,910,381,35,17.811
2024-12-26 03:30:00,26.3,67.9,0,1156,374,40,17.821
2024-12-26 03:45:00,26.6,68.4,0,1123,385,28,17.828
2024-12-26 04:00:00,26.9,67.8,0,601,373,31,17.836
2024-12-26 04:15:00,27.6,66.0,0,821,375,31,17.844
2024-12-26 04:30:00,28.3,62.9,0,1466,380,45,17.855
2024-12-26 04:45:00,28.3,64.8,0,1081,371,45,17.866
2024-12-26 05:00:00,29.1,63.7,0,552,382,44,17.877
2024-12-26 05:15:00,29.4,62.2,0,1047,372,40,17.887
2024-12-26 05:30:00,28.8,63.8,0,558,373,37,17.896
2024-12-26 05:45:00,29.0,63.9,0,835,393,20,17.901
2024-12-26 06:00:00,30.1,63.0,0,1366,377,30,17.909
2024-12-26 06:15:00,30.9,62.6,0,1140,381,43,17.92
2024-12-26 06:30:00,30.7,60.6,0,1298,387,27,17.926
2024-12-26 06:45:00,30.6,64.0,0,996,402,30,17.934
2024-12-26 07:00:00,31.7,62.0,0,731,390,33,17.942
2024-12-26 07:15:00,32.2,62.6,0,1213,389,26,17.949
2024-12-26 07:30:00,32.7,58.6,0,909,410,45,17.96
2024-12-26 07:45:00,32.8,59.9,0,1427,407,43,17.971
2024-12-26 08:00:00,32.9,61.9,1,1289,408,313,18.049
2024-12-26 08:15:00,33.2,61.5,1,678,402,335,18.133
2024-12-26 08:30:00,33.1,58.9,1,1541,409,294,18.206
2024-12-26 08:45:00,33.6,62.0,1,1487,414,303,18.282
2024-12-26 09:00:00,34.4,60.6,0,3555,402,33,18.29
2024-12-26 09:15:00,34.2,62.2,1,3063,403,216,18.344
2024-12-26 09:30:00,35.3,61.4,1,3135,408,181,18.389
2024-12-26 09:45:00,34.7,60.7,1,3451,407,261,18.455
2024-12-26 10:00:00,35.3,60.4,1,2900,427,379,18.549
2024-12-26 10:15:00,35.4,60.9,1,2701,424,355,18.638
2024-12-26 10:30:00,35.1,60.9,1,2412,419,301,18.713
2024-12-26 10:45:00,35.4,57.6,1,3066,420,295,18.787
2024-12-26 11:00:00,35.4,60.5,0,3491,414,35,18.796
2024-12-26 11:15:00,35.4,58.9,0,3190,415,21,18.801
2024-12-26 11:30:00,36.6,58.0,1,2935,411,344,18.887
2024-12-26 11:45:00,36.5,59.8,1,2810,424,225,18.943
2024-12-26 12:00:00,36.3,56.4,1,2631,432,278,19.013
2024-12-26 12:15:00,35.5,59.8,1,3001,427,234,19.071
2024-12-26 12:30:00,35.9,59.2,0,3134,415,40,19.081
2024-12-26 12:45:00,36.0,57.0,1,2634,427,273,19.15
2024-12-26 13:00:00,35.8,60.5,0,3170,423,40,19.16
2024-12-26 13:15:00,35.2,59.3,0,3411,422,38,19.169
2024-12-26 13:30:00,35.4,60.5,1,2591,422,379,19.264
2024-12-26 13:45:00,35.3,58.2,1,2852,438,317,19.343
2024-12-26 14:00:00,35.1,59.9,0,3548,422,21,19.348
2024-12-26 14:15:00,34.8,59.6,1,2400,435,346,19.435
2024-12-26 14:30:00,35.0,61.2,1,2642,423,271,19.503
2024-12-26 14:45:00,35.2,57.5,1,2871,425,215,19.556
2024-12-26 15:00:00,34.8,59.1,1,2500,409,354,19.645
2024-12-26 15:15:00,34.3,57.8,0,2650,411,22,19.65
2024-12-26 15:30:00,34.3,62.0,1,3261,407,299,19.725
2024-12-26 15:45:00,33.7,61.0,1,2998,411,303,19.801
2024-12-26 16:00:00,33.7,59.5,0,3551,429,37,19.81
2024-12-26 16:15:00,32.5,61.5,1,713,401,219,19.865
2024-12-26 16:30:00,31.7,61.7,1,1668,400,281,19.935
2024-12-26 16:45:00,31.8,60.4,1,1511,416,240,19.995
2024-12-26 17:00:00,31.1,60.8,1,594,405,337,20.079
2024-12-26 17:15:00,31.6,61.5,1,957,415,302,20.155
2024-12-26 17:30:00,30.9,61.2,1,1468,412,295,20.229
2024-12-26 17:45:00,30.1,64.5,0,566,397,29,20.236
2024-12-26 18:00:00,30.5,65.2,1,1581,411,180,20.281
2024-12-26 18:15:00,29.2,64.9,1,1501,399,179,20.326
2024-12-26 18:30:00,29.9,65.3,1,1627,407,244,20.387
2024-12-26 18:45:00,29.5,63.3,1,892,402,249,20.449
2024-12-26 19:00:00,28.3,64.9,0,728,401,20,20.454
2024-12-26 19:15:00,27.5,63.3,1,619,400,300,20.529
2024-12-26 19:30:00,28.3,65.7,0,522,377,38,20.538
2024-12-26 19:45:00,27.7,66.7,1,1377,400,182,20.584
2024-12-26 20:00:00,26.3,67.4,1,1592,374,268,20.651
2024-12-26 20:15:00,27.3,67.8,1,1271,384,300,20.726
2024-12-26 20:30:00,26.8,67.5,1,1638,395,257,20.79
2024-12-26 20:45:00,25.8,67.9,1,558,376,328,20.872
2024-12-26 21:00:00,25.3,64.8,1,696,391,332,20.955
2024-12-26 21:15:00,25.9,65.1,1,1416,380,160,20.995
2024-12-26 21:30:00,24.9,65.2,1,1211,388,272,21.063
2024-12-26 21:45:00,24.7,65.7,1,1675,372,270,21.131
2024-12-26 22:00:00,25.1,69.5,1,1625,366,200,21.181
2024-12-26 22:15:00,25.3,69.4,0,1301,377,36,21.19
2024-12-26 22:30:00,24.3,66.4,0,1199,369,44,21.201
2024-12-26 22:45:00,24.8,65.0,0,1282,383,28,21.208
2024-12-26 23:00:00,24,65.7,0,1327,382,21,21.213
2024-12-26 23:15:00,24,68.5,0,1070,361,35,21.222
2024-12-26 23:30:00,24.7,67.2,0,1255,373,24,21.228
2024-12-26 23:45:00,24,66.1,0,1344,372,29,21.235
2024-12-27 00:00:00,24.3,66.3,0,1303,369,26,21.241
2024-12-27 00:15:00,24.6,69.8,0,1655,361,40,21.251
2024-12-27 00:30:00,24.5,65.3,0,561,365,28,21.258
2024-12-27 00:45:00,24.8,64.9,0,1181,372,20,21.263
2024-12-27 01:00:00,24.6,69.5,0,1599,377,34,21.272
2024-12-27 01:15:00,24.2,67.0,0,901,361,18,21.276
2024-12-27 01:30:00,24,70.4,0,1224,361,37,21.286
2024-12-27 01:45:00,24.3,67.1,0,1019,364,20,21.291
2024-12-27 02:00:00,25.3,67.2,0,564,379,44,21.302
2024-12-27 02:15:00,24.7,66.4,0,1457,362,31,21.309
2024-12-27 02:30:00,24.8,69.7,0,913,361,30,21.317
2024-12-27 02:45:00,25.6,68.3,0,1147,379,18,21.321
2024-12-27 03:00:00,25.9,65.9,0,1267,372,32,21.329
2024-12-27 03:15:00,25.7,66.4,0,1405,361,45,21.341
2024-12-27 03:30:00,25.9,67.8,0,1318,361,39,21.35
2024-12-27 03:45:00,26.8,67.5,0,1612,383,43,21.361
2024-12-27 04:00:00,27.0,65.4,0,661,382,25,21.367
2024-12-27 04:15:00,26.8,68.0,0,1064,379,25,21.374
2024-12-27 04:30:00,28.1,67.1,0,751,366,23,21.379
2024-12-27 04:45:00,28.3,63.4,0,676,377,25,21.386
2024-12-27 05:00:00,28.4,63.3,0,1237,374,38,21.395
2024-12-27 05:15:00,28.2,64.1,0,621,385,26,21.402
2024-12-27 05:30:00,29.5,64.6,0,706,393,27,21.408
2024-12-27 05:45:00,29.3,62.6,0,918,378,33,21.417
2024-12-27 06:00:00,30.5,63.2,0,1523,387,18,21.421
2024-12-27 06:15:00,30.6,64.9,0,1477,384,45,21.432
2024-12-27 06:30:00,31.0,64.5,0,1229,402,40,21.442
2024-12-27 06:45:00,31.7,62.4,0,1638,393,25,21.449
2024-12-27 07:00:00,32.2,62.2,0,863,394,35,21.457
2024-12-27 07:15:00,32.5,59.8,0,1650,403,37,21.467
2024-12-27 07:30:00,32.5,60.7,0,1206,389,19,21.471
2024-12-27 07:45:00,32.2,59.9,0,1363,411,43,21.482
2024-12-27 08:00:00,32.6,60.3,1,1036,393,334,21.566
2024-12-27 08:15:00,34.0,59.8,1,580,413,336,21.65
2024-12-27 08:30:00,33.6,60.3,1,1612,398,221,21.705
2024-12-27 08:45:00,34.1,59.0,1,767,408,352,21.793
2024-12-27 09:00:00,34.4,58.6,1,3017,415,311,21.871
2024-12-27 09:15:00,34.8,58.0,0,3008,413,25,21.877
2024-12-27 09:30:00,34.7,58.0,1,3100,419,351,21.965
2024-12-27 09:45:00,34.9,60.8,0,3383,414,23,21.97
2024-12-27 10:00:00,35.9,56.7,1,3476,410,326,22.052
2024-12-27 10:15:00,35.1,57.5,0,3416,413,30,22.059
2024-12-27 10:30:00,35.7,59.6,1,3178,425,320,22.139
2024-12-27 10:45:00,36.3,57.9,1,2867,414,247,22.201
2024-12-27 11:00:00,36.2,57.2,1,3571,415,316,22.28
2024-12-27 11:15:00,36.1,59.5,0,2956,427,33,22.288
2024-12-27 11:30:00,36.2,57.8,1,2714,409,269,22.356
2024-12-27 11:45:00,36.5,57.1,1,2904,427,356,22.445
2024-12-27 12:00:00,36.1,59.1,1,2432,435,248,22.507
2024-12-27 12:15:00,36.1,57.8,1,3116,419,261,22.572
2024-12-27 12:30:00,36.2,59.8,0,2780,430,22,22.577
2024-12-27 12:45:00,36.4,59.1,0,3374,420,37,22.587
2024-12-27 13:00:00,35.4,57.0,1,2421,411,357,22.676
2024-12-27 13:15:00,36.3,57.2,1,2553,413,312,22.754
2024-12-27 13:30:00,36.1,57.1,1,3423,431,386,22.85
2024-12-27 13:45:00,35.3,58.4,0,3491,434,21,22.856
2024-12-27 14:00:00,35.6,57.0,1,2714,424,232,22.914
2024-12-27 14:15:00,35.5,57.7,1,2469,437,321,22.994
2024-12-27 14:30:00,34.1,60.6,1,2703,424,287,23.066
2024-12-27 14:45:00,34.2,58.3,0,2789,430,27,23.072
2024-12-27 15:00:00,33.6,61.1,1,2897,429,233,23.131
2024-12-27 15:15:00,34.4,61.3,1,2577,414,217,23.185
2024-12-27 15:30:00,33.5,61.7,1,2873,410,351,23.273
2024-12-27 15:45:00,33.6,59.2,1,3068,405,282,23.343
2024-12-27 16:00:00,32.3,60.1,1,3339,411,289,23.415
2024-12-27 16:15:00,32.1,60.8,0,818,418,34,23.424
2024-12-27 16:30:00,32.2,61.4,1,502,426,343,23.51
2024-12-27 16:45:00,31.6,62.0,1,675,412,273,23.578
2024-12-27 17:00:00,32.2,63.6,1,1669,409,209,23.63
2024-12-27 17:15:00,31.0,63.0,1,795,419,251,23.693
2024-12-27 17:30:00,31.3,64.2,1,1586,407,234,23.751
2024-12-27 17:45:00,29.9,61.8,1,1039,394,319,23.831
2024-12-27 18:00:00,29.7,62.1,1,843,409,260,23.896
2024-12-27 18:15:00,29.2,64.1,1,992,388,207,23.948
2024-12-27 18:30:00,28.7,65.4,1,1122,406,279,24.018
2024-12-27 18:45:00,28.7,61.9,1,761,389,203,24.068
2024-12-27 19:00:00,28.2,65.9,0,1407,389,20,24.073
2024-12-27 19:15:00,27.7,63.7,1,1345,382,293,24.147
2024-12-27 19:30:00,27.5,64.5,1,1049,404,279,24.216
2024-12-27 19:45:00,27.8,64.6,1,1014,390,282,24.287
2024-12-27 20:00:00,27.5,67.6,1,768,376,228,24.344
2024-12-27 20:15:00,26.6,66.6,0,1474,383,28,24.351
2024-12-27 20:30:00,25.7,65.1,1,545,376,171,24.394
2024-12-27 20:45:00,25.7,67.3,1,1446,386,309,24.471
2024-12-27 21:00:00,25.3,67.7,1,1518,372,182,24.516
2024-12-27 21:15:00,25.3,67.7,1,1165,384,307,24.593
2024-12-27 21:30:00,24.8,66.0,1,1026,376,217,24.647
2024-12-27 21:45:00,25.0,67.9,1,1685,364,199,24.697
2024-12-27 22:00:00,25.3,65.1,0,961,380,21,24.702
2024-12-27 22:15:00,24.3,67.9,0,597,365,34,24.711
2024-12-27 22:30:00,24.1,68.4,0,1280,361,25,24.717
2024-12-27 22:45:00,24.1,69.7,0,1149,366,31,24.725
2024-12-27 23:00:00,24,65.5,0,1590,380,28,24.732
2024-12-27 23:15:00,24.2,65.7,0,1097,375,33,24.74
2024-12-27 23:30:00,24,65.9,0,1583,361,24,24.746
2024-12-27 23:45:00,24,66.8,0,1202,362,20,24.751
2024-12-28 00:00:00,24.6,69.5,0,967,362,31,24.759
2024-12-28 00:15:00,24.4,69.7,0,1555,368,43,24.77
2024-12-28 00:30:00,24.1,69.1,0,1565,361,34,24.778
2024-12-28 00:45:00,24,70.3,0,1013,361,37,24.787
2024-12-28 01:00:00,24,70.5,0,1447,369,35,24.796
2024-12-28 01:15:00,24,67.6,0,582,368,22,24.802
2024-12-28 01:30:00,24.9,69.0,0,859,371,29,24.809
2024-12-28 01:45:00,24.6,67.8,0,955,370,22,24.814
2024-12-28 02:00:00,25.0,65.0,0,1498,373,26,24.821
2024-12-28 02:15:00,25.6,67.0,0,1071,379,43,24.832
2024-12-28 02:30:00,25.9,67.4,0,1173,380,43,24.842
2024-12-28 02:45:00,25.9,66.6,0,1455,371,37,24.852
2024-12-28 03:00:00,26.2,67.0,0,1031,374,45,24.863
2024-12-28 03:15:00,25.5,69.1,0,1380,361,27,24.87
2024-12-28 03:30:00,26.2,67.2,0,644,384,25,24.876
2024-12-28 03:45:00,26.5,63.7,0,1342,384,19,24.881
2024-12-28 04:00:00,26.5,68.0,0,1410,361,37,24.89
2024-12-28 04:15:00,27.3,67.2,0,1118,365,34,24.898
2024-12-28 04:30:00,27.0,65.2,0,996,371,24,24.904
2024-12-28 04:45:00,28.3,65.5,0,1440,375,40,24.914
2024-12-28 05:00:00,28.3,64.9,0,555,366,39,24.924
2024-12-28 05:15:00,28.9,62.2,0,1685,380,25,24.93
2024-12-28 05:30:00,28.9,64.5,0,1530,382,18,24.935
2024-12-28 05:45:00,29.4,64.6,0,738,389,33,24.943
2024-12-28 06:00:00,30.6,64.5,0,1603,377,37,24.952
2024-12-28 06:15:00,31.0,63.0,0,892,398,43,24.963
2024-12-28 06:30:00,30.1,60.9,0,1386,398,42,24.974
2024-12-28 06:45:00,31.5,61.7,0,508,387,39,24.983
2024-12-28 07:00:00,32.2,60.3,0,560,394,31,24.991
2024-12-28 07:15:00,32.3,62.3,0,1626,390,29,24.998
2024-12-28 07:30:00,33.0,62.1,0,1537,401,33,25.007
2024-12-28 07:45:00,33.2,59.0,0,1299,401,44,25.018
2024-12-28 08:00:00,33.2,59.1,1,589,415,390,25.115
2024-12-28 08:15:00,33.7,59.9,0,1433,417,22,25.121
2024-12-28 08:30:00,33.8,61.7,1,1298,416,296,25.195
2024-12-28 08:45:00,34.5,57.4,1,1589,417,241,25.255
2024-12-28 09:00:00,34.7,57.4,1,2494,396,290,25.327
2024-12-28 09:15:00,34.3,61.4,1,2668,398,299,25.402
2024-12-28 09:30:00,35.3,61.0,1,3112,424,334,25.486
2024-12-28 09:45:00,35.4,58.8,0,2684,403,36,25.495
2024-12-28 10:00:00,34.8,57.4,1,2863,402,348,25.582
2024-12-28 10:15:00,35.9,60.0,1,3544,420,324,25.663
2024-12-28 10:30:00,36.0,57.7,1,3251,428,253,25.726
2024-12-28 10:45:00,35.5,57.1,1,3560,427,362,25.816
2024-12-28 11:00:00,36.1,56.3,1,2941,410,296,25.89
2024-12-28 11:15:00,36.5,58.9,1,2677,426,281,25.961
2024-12-28 11:30:00,36.4,57.3,1,3505,436,232,26.019
2024-12-28 11:45:00,36.2,60.0,1,2795,436,315,26.097
2024-12-28 12:00:00,35.5,58.0,1,2756,417,355,26.186
2024-12-28 12:15:00,35.5,58.1,1,2828,436,264,26.252
2024-12-28 12:30:00,35.8,60.4,1,2662,428,221,26.307
2024-12-28 12:45:00,35.6,56.7,1,2811,415,311,26.385
2024-12-28 13:00:00,36.1,56.7,1,2427,434,227,26.442
2024-12-28 13:15:00,36.2,57.1,0,3146,434,38,26.451
2024-12-28 13:30:00,35.7,60.3,1,2729,411,370,26.544
2024-12-28 13:45:00,35.0,61.3,1,2419,415,243,26.605
2024-12-28 14:00:00,35.4,59.0,1,3540,429,261,26.67
2024-12-28 14:15:00,35.0,58.5,1,2902,436,356,26.759
2024-12-28 14:30:00,34.1,60.7,1,2545,426,341,26.844
2024-12-28 14:45:00,34.2,61.0,0,3185,417,44,26.855
2024-12-28 15:00:00,33.6,60.8,1,3388,411,284,26.926
2024-12-28 15:15:00,34.6,61.5,0,2494,421,40,26.936
2024-12-28 15:30:00,33.4,60.4,0,2740,419,36,26.945
2024-12-28 15:45:00,32.7,59.5,1,3487,406,276,27.014
2024-12-28 16:00:00,33.1,59.9,1,3154,419,334,27.098
2024-12-28 16:15:00,32.1,62.7,1,872,419,269,27.165
2024-12-28 16:30:00,32.0,63.2,1,755,406,313,27.243
2024-12-28 16:45:00,31.6,63.8,1,792,415,338,27.328
2024-12-28 17:00:00,31.7,59.6,1,523,418,368,27.42
2024-12-28 17:15:00,30.7,64.1,1,1120,418,217,27.474
2024-12-28 17:30:00,31.0,61.0,0,638,395,35,27.483
2024-12-28 17:45:00,30.9,62.9,1,1010,407,298,27.557
2024-12-28 18:00:00,29.6,64.3,1,1664,393,261,27.622
2024-12-28 18:15:00,29.3,65.3,1,514,405,322,27.703
2024-12-28 18:30:00,29.4,61.7,0,1441,406,45,27.714
2024-12-28 18:45:00,28.1,66.9,0,1436,407,30,27.722
2024-12-28 19:00:00,28.9,66.2,0,1406,403,21,27.727
2024-12-28 19:15:00,28.4,65.7,0,1161,406,39,27.737
2024-12-28 19:30:00,27.4,62.8,1,554,390,321,27.817
2024-12-28 19:45:00,27.5,64.7,1,1587,396,287,27.889
2024-12-28 20:00:00,26.9,65.5,1,1197,379,225,27.945
2024-12-28 20:15:00,27.0,64.3,0,1029,373,44,27.956
2024-12-28 20:30:00,26.8,65.6,1,1360,395,209,28.008
2024-12-28 20:45:00,25.9,68.0,1,1688,373,223,28.064
2024-12-28 21:00:00,26.0,67.6,1,1362,384,309,28.141
2024-12-28 21:15:00,25.8,67.0,1,644,372,196,28.19
2024-12-28 21:30:00,24.5,68.6,1,1039,390,249,28.252
2024-12-28 21:45:00,24.5,66.9,1,943,379,273,28.321
2024-12-28 22:00:00,25.3,65.4,1,802,374,323,28.401
2024-12-28 22:15:00,24.6,66.7,0,1693,369,28,28.408
2024-12-28 22:30:00,24.5,66.7,0,507,364,18,28.413
2024-12-28 22:45:00,24,68.3,0,592,374,43,28.424
2024-12-28 23:00:00,24,69.3,0,905,361,41,28.434
2024-12-28 23:15:00,24.6,69.5,0,1501,361,27,28.441
2024-12-28 23:30:00,24,67.0,0,755,361,24,28.447
2024-12-28 23:45:00,24.7,69.5,0,1639,361,43,28.457
2024-12-29 00:00:00,24.7,65.0,0,1256,373,25,28.464
2024-12-29 00:15:00,24,66.8,0,1342,362,24,28.47
2024-12-29 00:30:00,24,68.9,0,537,364,38,28.479
2024-12-29 00:45:00,24,68.8,0,932,361,44,28.49
2024-12-29 01:00:00,24.1,67.8,0,1235,361,19,28.495
2024-12-29 01:15:00,24,70.4,0,1683,361,21,28.5
2024-12-29 01:30:00,24.1,66.7,0,1193,367,22,28.506
2024-12-29 01:45:00,25.0,67.5,0,1639,369,32,28.514
2024-12-29 02:00:00,24.1,66.9,0,622,361,38,28.523
2024-12-29 02:15:00,25.1,68.6,0,1580,380,30,28.531
2024-12-29 02:30:00,24.7,67.0,0,1341,379,25,28.537
2024-12-29 02:45:00,25.0,65.8,0,1550,376,18,28.541
2024-12-29 03:00:00,26.4,65.9,0,532,373,21,28.547
2024-12-29 03:15:00,26.6,67.8,0,825,367,33,28.555
2024-12-29 03:30:00,26.7,66.2,0,726,369,45,28.566
2024-12-29 03:45:00,26.5,67.7,0,692,365,26,28.573
2024-12-29 04:00:00,27.2,67.8,0,1599,386,21,28.578
2024-12-29 04:15:00,27.3,65.8,0,1063,366,33,28.586
2024-12-29 04:30:00,27.4,67.8,0,1359,367,19,28.591
2024-12-29 04:45:00,27.7,65.2,0,1583,386,38,28.6
2024-12-29 05:00:00,28.7,65.1,0,546,377,40,28.61
2024-12-29 05:15:00,29.5,62.7,0,533,391,37,28.62
2024-12-29 05:30:00,28.9,66.4,0,1393,388,29,28.627
2024-12-29 05:45:00,29.0,63.3,0,1483,386,31,28.635
2024-12-29 06:00:00,30.2,64.2,0,1472,374,38,28.644
2024-12-29 06:15:00,30.0,65.0,0,1255,396,35,28.653
2024-12-29 06:30:00,31.2,62.2,0,936,394,37,28.662
2024-12-29 06:45:00,30.5,64.2,0,1038,396,33,28.67
2024-12-29 07:00:00,31.8,63.6,0,948,386,18,28.675
2024-12-29 07:15:00,31.4,60.9,0,805,391,35,28.684
2024-12-29 07:30:00,32.5,59.1,0,1629,407,28,28.691
2024-12-29 07:45:00,33.2,61.2,0,624,397,28,28.698
2024-12-29 08:00:00,32.3,62.1,0,1197,405,38,28.707
2024-12-29 08:15:00,33.1,59.5,1,1505,405,289,28.779
2024-12-29 08:30:00,34.1,58.8,1,834,411,339,28.864
2024-12-29 08:45:00,33.3,58.9,1,651,397,276,28.933
2024-12-29 09:00:00,34.5,59.4,1,2821,402,283,29.004
2024-12-29 09:15:00,34.7,61.8,1,2561,399,287,29.076
2024-12-29 09:30:00,34.9,57.8,1,3264,426,300,29.151
2024-12-29 09:45:00,35.1,61.1,1,2492,421,355,29.239
2024-12-29 10:00:00,35.0,60.4,0,3552,424,42,29.25
2024-12-29 10:15:00,35.7,59.8,1,2539,431,217,29.304
2024-12-29 10:30:00,35.5,57.9,0,2431,432,43,29.315
2024-12-29 10:45:00,35.8,59.7,1,3086,419,304,29.391
2024-12-29 11:00:00,36.2,57.5,1,3383,425,287,29.463
2024-12-29 11:15:00,35.2,59.7,1,3242,411,227,29.519
2024-12-29 11:30:00,35.9,57.6,1,3277,432,229,29.577
2024-12-29 11:45:00,35.7,61.0,1,2858,423,237,29.636
2024-12-29 12:00:00,36.2,59.0,0,2507,436,45,29.647
2024-12-29 12:15:00,35.4,56.8,0,2653,429,45,29.658
2024-12-29 12:30:00,36.6,57.2,1,3314,415,194,29.707
2024-12-29 12:45:00,35.6,59.0,1,3002,426,260,29.772
2024-12-29 13:00:00,35.9,58.3,0,3015,427,39,29.782
2024-12-29 13:15:00,36.1,57.4,1,2703,411,259,29.846
2024-12-29 13:30:00,34.9,58.9,1,3338,417,370,29.939
2024-12-29 13:45:00,35.3,58.1,0,3367,415,43,29.95
2024-12-29 14:00:00,35.5,57.0,1,3459,411,343,30.035
2024-12-29 14:15:00,34.5,61.0,1,2687,417,349,30.123
2024-12-29 14:30:00,35.0,59.7,0,2432,428,23,30.128
2024-12-29 14:45:00,34.2,59.7,1,2477,431,332,30.211
2024-12-29 15:00:00,33.9,60.7,0,2780,413,42,30.222
2024-12-29 15:15:00,33.7,60.1,0,3187,424,43,30.233
2024-12-29 15:30:00,33.9,62.5,1,3518,408,271,30.3
2024-12-29 15:45:00,33.1,61.9,1,2690,420,322,30.381
2024-12-29 16:00:00,33.2,62.6,1,2598,406,284,30.452
2024-12-29 16:15:00,32.9,62.8,1,1251,416,349,30.539
2024-12-29 16:30:00,32.0,59.7,1,689,414,397,30.638
2024-12-29 16:45:00,31.4,60.9,1,1280,418,342,30.724
2024-12-29 17:00:00,30.9,63.9,1,1296,422,307,30.801
2024-12-29 17:15:00,30.7,63.9,1,675,414,209,30.853
2024-12-29 17:30:00,30.5,64.0,1,1019,400,336,30.937
2024-12-29 17:45:00,31.0,62.4,1,739,406,279,31.007
2024-12-29 18:00:00,30.4,62.7,1,704,390,222,31.062
2024-12-29 18:15:00,29.4,61.7,1,771,406,230,31.12
2024-12-29 18:30:00,29.0,61.7,1,1482,401,199,31.169
2024-12-29 18:45:00,28.3,62.6,0,1662,406,31,31.177
2024-12-29 19:00:00,28.4,65.5,1,1522,383,310,31.255
2024-12-29 19:15:00,28.3,63.9,1,1379,397,325,31.336
2024-12-29 19:30:00,27.7,67.4,0,1497,397,27,31.343
2024-12-29 19:45:00,28.0,64.6,0,850,384,43,31.353
2024-12-29 20:00:00,27.0,65.7,0,1454,392,40,31.363
2024-12-29 20:15:00,26.8,65.7,1,1692,379,212,31.416
2024-12-29 20:30:00,26.3,64.7,1,659,380,255,31.48
2024-12-29 20:45:00,26.6,64.1,1,947,393,309,31.557
2024-12-29 21:00:00,26.3,67.1,1,1279,366,215,31.611
2024-12-29 21:15:00,25.5,64.7,1,1143,382,205,31.662
2024-12-29 21:30:00,25.0,69.5,1,1578,377,276,31.731
2024-12-29 21:45:00,25.3,67.0,1,911,371,262,31.797
2024-12-29 22:00:00,25.5,67.2,1,1403,362,294,31.87
2024-12-29 22:15:00,24,66.2,0,934,368,43,31.881
2024-12-29 22:30:00,24.2,69.6,0,1089,368,24,31.887
2024-12-29 22:45:00,24.2,68.0,0,502,375,43,31.898
2024-12-29 23:00:00,24,66.5,0,638,374,34,31.906
2024-12-29 23:15:00,24,65.8,0,1559,381,36,31.915
2024-12-29 23:30:00,24,67.4,0,1034,368,42,31.926
2024-12-29 23:45:00,24.6,66.2,0,957,378,30,31.933
2024-12-30 00:00:00,24,68.2,0,1608,374,44,31.944
2024-12-30 00:15:00,24.4,69.8,0,732,377,21,31.95
2024-12-30 00:30:00,24.3,66.1,0,797,361,25,31.956
2024-12-30 00:45:00,24,69.9,0,981,361,29,31.963
2024-12-30 01:00:00,24.3,65.9,0,1375,361,45,31.974
2024-12-30 01:15:00,24.2,67.3,0,1557,375,42,31.985
2024-12-30 01:30:00,25.1,64.8,0,805,368,37,31.994
2024-12-30 01:45:00,24.6,69.4,0,796,370,21,31.999
2024-12-30 02:00:00,24.9,68.7,0,1369,375,26,32.006
2024-12-30 02:15:00,25.3,65.2,0,919,361,20,32.011
2024-12-30 02:30:00,25.5,68.1,0,1112,369,32,32.019
2024-12-30 02:45:00,25.0,65.1,0,1005,369,38,32.028
2024-12-30 03:00:00,25.7,64.2,0,769,366,35,32.037
2024-12-30 03:15:00,25.8,67.2,0,535,371,19,32.042
2024-12-30 03:30:00,26.4,66.3,0,997,361,37,32.051
2024-12-30 03:45:00,26.2,68.6,0,1253,374,18,32.056
2024-12-30 04:00:00,26.7,67.3,0,1364,364,23,32.061
2024-12-30 04:15:00,27.2,63.6,0,1169,375,24,32.067
2024-12-30 04:30:00,28.2,65.2,0,703,381,22,32.073
2024-12-30 04:45:00,28.5,64.3,0,1180,380,29,32.08
2024-12-30 05:00:00,28.3,64.3,0,1272,378,27,32.087
2024-12-30 05:15:00,28.9,62.8,0,1254,367,44,32.098
2024-12-30 05:30:00,28.6,63.1,0,1583,380,43,32.109
2024-12-30 05:45:00,29.8,63.4,0,1070,379,44,32.12
2024-12-30 06:00:00,30.5,61.8,0,1204,393,18,32.124
2024-12-30 06:15:00,30.9,61.3,0,1588,388,45,32.135
2024-12-30 06:30:00,30.4,63.0,0,679,397,18,32.14
2024-12-30 06:45:00,31.5,62.4,0,1486,391,44,32.151
2024-12-30 07:00:00,31.2,60.1,0,799,402,23,32.157
2024-12-30 07:15:00,31.6,62.1,0,1260,402,18,32.161
2024-12-30 07:30:00,31.7,64.1,0,857,395,18,32.166
2024-12-30 07:45:00,32.5,59.8,0,618,404,28,32.173
2024-12-30 08:00:00,33.1,59.7,1,860,413,230,32.23
2024-12-30 08:15:00,33.2,61.8,1,1058,391,321,32.31
2024-12-30 08:30:00,33.3,60.3,1,1296,406,297,32.385
2024-12-30 08:45:00,33.9,59.1,1,657,402,274,32.453
2024-12-30 09:00:00,34.8,61.8,0,3535,416,24,32.459
2024-12-30 09:15:00,34.2,60.0,0,2587,401,29,32.466
2024-12-30 09:30:00,34.8,57.2,1,3416,401,296,32.54
2024-12-30 09:45:00,34.8,60.4,1,3474,404,211,32.593
2024-12-30 10:00:00,35.4,60.0,1,3175,403,236,32.652
2024-12-30 10:15:00,34.8,58.6,0,3292,403,44,32.663
2024-12-30 10:30:00,34.9,57.0,1,3213,423,267,32.73
2024-12-30 10:45:00,36.1,56.3,1,3152,415,261,32.795
2024-12-30 11:00:00,35.5,56.8,1,2591,420,337,32.879
2024-12-30 11:15:00,35.7,56.7,1,2731,429,345,32.966
2024-12-30 11:30:00,35.6,59.2,0,3504,409,41,32.976
2024-12-30 11:45:00,36.5,58.2,1,3312,416,305,33.052
2024-12-30 12:00:00,35.6,56.3,1,2489,430,311,33.13
2024-12-30 12:15:00,35.4,58.9,0,2845,414,37,33.139
2024-12-30 12:30:00,36.6,57.1,1,2810,411,197,33.188
2024-12-30 12:45:00,36.0,60.5,1,2888,416,214,33.242
2024-12-30 13:00:00,36.1,56.6,1,3272,428,274,33.31
2024-12-30 13:15:00,35.2,57.3,1,2546,421,209,33.363
2024-12-30 13:30:00,34.9,60.5,0,2789,429,24,33.369
2024-12-30 13:45:00,35.6,56.3,0,2644,411,33,33.377
2024-12-30 14:00:00,35.9,58.6,1,3541,427,256,33.441
2024-12-30 14:15:00,34.5,60.5,1,2900,414,272,33.509
2024-12-30 14:30:00,34.6,61.4,1,2922,431,218,33.563
2024-12-30 14:45:00,34.7,57.8,1,3220,426,323,33.644
2024-12-30 15:00:00,34.7,60.5,1,2955,420,226,33.701
2024-12-30 15:15:00,34.6,60.3,1,3229,407,327,33.782
2024-12-30 15:30:00,34.0,61.7,1,2888,406,196,33.831
2024-12-30 15:45:00,33.7,60.0,1,3254,429,233,33.89
2024-12-30 16:00:00,33.3,58.8,0,2911,419,29,33.897
2024-12-30 16:15:00,33.2,59.5,1,994,424,354,33.985
2024-12-30 16:30:00,32.3,63.5,0,528,408,18,33.99
2024-12-30 16:45:00,31.9,59.6,1,1455,399,383,34.086
2024-12-30 17:00:00,30.9,61.2,1,1054,411,181,34.131
2024-12-30 17:15:00,31.3,60.3,1,1495,407,289,34.203
2024-12-30 17:30:00,30.7,61.4,0,1574,419,37,34.212
2024-12-30 17:45:00,30.8,64.0,1,1303,407,231,34.27
2024-12-30 18:00:00,30.0,61.7,1,1551,388,227,34.327
2024-12-30 18:15:00,29.4,65.0,1,569,394,203,34.378
2024-12-30 18:30:00,28.6,64.2,1,1394,402,212,34.431
2024-12-30 18:45:00,28.3,62.1,1,1291,397,304,34.507
2024-12-30 19:00:00,27.9,65.2,1,739,408,351,34.594
2024-12-30 19:15:00,28.5,64.6,1,526,380,249,34.657
2024-12-30 19:30:00,27.8,65.5,1,1545,380,223,34.712
2024-12-30 19:45:00,27.1,63.6,0,1003,401,29,34.72
2024-12-30 20:00:00,26.8,67.7,0,1225,381,32,34.728
2024-12-30 20:15:00,26.7,65.3,0,1295,391,43,34.738
2024-12-30 20:30:00,25.7,64.5,1,875,378,194,34.787
2024-12-30 20:45:00,26.6,64.3,1,525,369,209,34.839
2024-12-30 21:00:00,25.5,67.3,1,532,377,318,34.919
2024-12-30 21:15:00,25.1,68.4,1,825,378,255,34.982
2024-12-30 21:30:00,24.8,65.1,0,524,365,28,34.989
2024-12-30 21:45:00,25.2,68.2,1,1374,382,326,35.071
2024-12-30 22:00:00,25.1,65.2,1,1618,369,306,35.147
2024-12-30 22:15:00,24.2,67.5,0,1683,368,44,35.158
2024-12-30 22:30:00,24,67.3,0,984,380,22,35.164
2024-12-30 22:45:00,24.1,70.4,0,1260,361,26,35.17
2024-12-30 23:00:00,24.6,70.0,0,1301,368,23,35.176
2024-12-30 23:15:00,24,69.1,0,629,378,34,35.185
2024-12-30 23:30:00,24.4,68.1,0,1629,364,36,35.194
2024-12-30 23:45:00,24.3,69.3,0,974,364,28,35.201
2024-12-31 00:00:00,24.2,68.8,0,770,371,30,35.208
2024-12-31 00:15:00,24,68.2,0,1384,369,41,35.218
2024-12-31 00:30:00,24,69.2,0,1542,378,38,35.228
2024-12-31 00:45:00,24.8,69.8,0,546,378,32,35.236
2024-12-31 01:00:00,24,65.9,0,1367,361,45,35.247
2024-12-31 01:15:00,24.1,68.9,0,1458,378,30,35.255
2024-12-31 01:30:00,25.1,67.2,0,1502,367,36,35.264
2024-12-31 01:45:00,24.5,68.3,0,663,370,23,35.269
2024-12-31 02:00:00,24.8,65.6,0,577,378,38,35.279
2024-12-31 02:15:00,25.2,67.0,0,1104,376,19,35.284
2024-12-31 02:30:00,25.4,68.2,0,1524,361,22,35.289
2024-12-31 02:45:00,25.0,67.7,0,1067,377,33,35.297
2024-12-31 03:00:00,26.4,67.4,0,1691,374,36,35.306
2024-12-31 03:15:00,25.8,68.1,0,1101,372,27,35.313
2024-12-31 03:30:00,26.1,67.8,0,1633,381,36,35.322
2024-12-31 03:45:00,26.9,66.6,0,1177,378,24,35.328
2024-12-31 04:00:00,27.7,64.6,0,1112,368,19,35.333
2024-12-31 04:15:00,27.4,66.6,0,1435,384,45,35.344
2024-12-31 04:30:00,28.0,67.1,0,1475,366,35,35.353
2024-12-31 04:45:00,28.2,65.8,0,1260,386,19,35.358
2024-12-31 05:00:00,28.4,62.7,0,1679,379,41,35.368
2024-12-31 05:15:00,28.6,65.2,0,1178,389,42,35.378
2024-12-31 05:30:00,29.3,62.6,0,1328,393,40,35.388
2024-12-31 05:45:00,29.9,64.4,0,1135,372,44,35.399
2024-12-31 06:00:00,29.5,61.6,0,870,394,25,35.406
2024-12-31 06:15:00,31.0,61.8,0,1152,393,22,35.411
2024-12-31 06:30:00,30.8,60.2,0,529,385,27,35.418
2024-12-31 06:45:00,30.8,65.0,0,1087,398,21,35.423
2024-12-31 07:00:00,31.4,60.2,0,874,398,20,35.428
2024-12-31 07:15:00,31.5,59.9,0,789,386,36,35.437
2024-12-31 07:30:00,31.9,64.1,0,1691,393,20,35.442
2024-12-31 07:45:00,32.8,62.6,0,863,386,22,35.448
2024-12-31 08:00:00,32.7,58.8,1,523,390,239,35.507
2024-12-31 08:15:00,33.4,61.9,1,1310,412,272,35.575
2024-12-31 08:30:00,33.1,60.5,1,899,406,320,35.655
2024-12-31 08:45:00,34.0,58.8,0,1554,397,32,35.663
2024-12-31 09:00:00,34.2,61.5,0,2938,398,44,35.674
2024-12-31 09:15:00,34.2,58.6,1,2452,422,327,35.756
2024-12-31 09:30:00,34.9,59.5,1,2961,425,353,35.844
2024-12-31 09:45:00,35.4,59.2,1,3183,415,288,35.916
2024-12-31 10:00:00,34.7,59.8,1,3199,426,356,36.005
2024-12-31 10:15:00,35.9,59.4,1,2514,418,219,36.06
2024-12-31 10:30:00,35.7,56.2,1,2476,420,282,36.131
2024-12-31 10:45:00,35.3,58.6,0,3478,413,35,36.139
2024-12-31 11:00:00,35.7,56.3,1,3080,415,282,36.21
2024-12-31 11:15:00,36.0,56.3,1,2538,409,359,36.3
2024-12-31 11:30:00,35.3,57.9,1,3506,408,305,36.376
2024-12-31 11:45:00,36.1,57.0,1,2468,423,257,36.44
2024-12-31 12:00:00,36.0,57.4,1,3012,437,245,36.501
2024-12-31 12:15:00,36.1,57.4,1,2959,426,334,36.585
2024-12-31 12:30:00,36.1,56.9,1,3431,421,284,36.656
2024-12-31 12:45:00,35.4,57.2,1,2599,415,275,36.725
2024-12-31 13:00:00,35.2,60.0,1,2650,416,322,36.805
2024-12-31 13:15:00,36.0,59.9,1,3265,431,274,36.874
2024-12-31 13:30:00,36.2,60.5,1,2873,434,261,36.939
2024-12-31 13:45:00,35.0,57.5,0,2707,431,22,36.944
2024-12-31 14:00:00,35.0,58.6,1,3240,414,334,37.028
2024-12-31 14:15:00,34.4,58.0,0,3395,433,23,37.034
2024-12-31 14:30:00,35.1,60.3,1,2895,411,291,37.106
2024-12-31 14:45:00,33.8,58.7,1,3340,410,295,37.18
2024-12-31 15:00:00,34.9,57.7,1,2583,431,272,37.248
2024-12-31 15:15:00,34.6,60.2,0,2545,433,42,37.259
2024-12-31 15:30:00,33.7,59.7,1,3041,428,329,37.341
2024-12-31 15:45:00,32.9,59.0,1,3529,427,336,37.425
2024-12-31 16:00:00,33.3,59.9,1,2606,403,238,37.484
2024-12-31 16:15:00,32.1,59.3,1,1536,401,218,37.539
2024-12-31 16:30:00,32.0,59.6,1,855,420,337,37.623
2024-12-31 16:45:00,31.6,63.3,1,820,420,328,37.705
2024-12-31 17:00:00,31.3,62.8,1,1659,406,305,37.781
2024-12-31 17:15:00,30.6,62.4,1,1459,406,278,37.851
2024-12-31 17:30:00,30.8,64.7,1,1526,397,292,37.924
2024-12-31 17:45:00,30.3,64.4,0,508,417,27,37.931
2024-12-31 18:00:00,30.0,64.5,0,1081,407,40,37.941
2024-12-31 18:15:00,29.0,64.2,1,915,386,322,38.021
2024-12-31 18:30:00,29.3,63.8,1,1073,392,235,38.08
2024-12-31 18:45:00,28.5,65.5,1,1644,401,262,38.145
2024-12-31 19:00:00,28.6,65.8,1,604,385,277,38.215
2024-12-31 19:15:00,28.4,66.0,1,1680,379,177,38.259
2024-12-31 19:30:00,27.8,63.6,1,892,401,255,38.323
2024-12-31 19:45:00,27.6,64.9,1,1325,390,198,38.372
2024-12-31 20:00:00,26.4,67.1,1,1556,386,221,38.427
2024-12-31 20:15:00,26.5,64.3,0,864,393,36,38.436
2024-12-31 20:30:00,25.8,65.8,0,1596,375,30,38.444
2024-12-31 20:45:00,25.4,67.2,1,831,371,249,38.506
2024-12-31 21:00:00,25.6,66.1,1,1095,370,172,38.549
2024-12-31 21:15:00,26.0,67.6,1,604,385,192,38.597
2024-12-31 21:30:00,24.9,67.1,1,1027,364,315,38.676
2024-12-31 21:45:00,25.5,64.6,1,1128,379,352,38.764
2024-12-31 22:00:00,25.5,69.1,1,773,361,231,38.822
2024-12-31 22:15:00,24.9,68.2,0,737,374,32,38.83
2024-12-31 22:30:00,25.1,69.1,0,1121,379,42,38.84
2024-12-31 22:45:00,25.0,68.7,0,713,365,40,38.85
2024-12-31 23:00:00,24.1,68.6,0,899,362,36,38.859
2024-12-31 23:15:00,24,66.1,0,1473,369,38,38.869
2024-12-31 23:30:00,24.3,68.7,0,590,361,25,38.875
2024-12-31 23:45:00,24,65.6,0,1447,375,26,38.881
2025-01-01 00:00:00,24.3,66.9,0,1208,361,35,38.89
2025-01-01 00:15:00,24.1,65.9,0,1298,361,45,38.901
2025-01-01 00:30:00,24.4,66.8,0,577,362,22,38.907
2025-01-01 00:45:00,24.1,66.2,0,1181,364,30,38.914
2025-01-01 01:00:00,24,69.9,0,1036,361,24,38.92
2025-01-01 01:15:00,24.6,68.7,0,1492,361,31,38.928
2025-01-01 01:30:00,24,68.9,0,1542,368,31,38.936
2025-01-01 01:45:00,24.5,66.0,0,1134,361,36,38.945
2025-01-01 02:00:00,24.8,68.8,0,1044,361,18,38.949
2025-01-01 02:15:00,24.7,69.9,0,1381,361,31,38.957
2025-01-01 02:30:00,25.6,65.7,0,914,361,32,38.965
2025-01-01 02:45:00,25.1,67.6,0,941,361,38,38.975
2025-01-01 03:00:00,25.8,64.3,0,700,370,36,38.984
2025-01-01 03:15:00,26.3,65.5,0,1093,361,38,38.993
2025-01-01 03:30:00,26.6,65.7,0,1343,375,41,39.003
2025-01-01 03:45:00,26.6,66.3,0,1161,385,25,39.01
2025-01-01 04:00:00,27.2,64.3,0,1567,382,38,39.019
2025-01-01 04:15:00,28.0,65.8,0,1465,381,24,39.025
2025-01-01 04:30:00,28.0,65.2,0,981,379,23,39.031
2025-01-01 04:45:00,28.6,62.3,0,886,371,21,39.036
2025-01-01 05:00:00,27.8,66.8,0,1339,391,25,39.042
2025-01-01 05:15:00,28.3,66.6,0,564,383,43,39.053
2025-01-01 05:30:00,29.5,63.8,0,1168,383,45,39.064
2025-01-01 05:45:00,29.1,63.3,0,658,372,40,39.074
2025-01-01 06:00:00,29.8,64.5,0,529,373,23,39.08
2025-01-01 06:15:00,30.4,62.6,0,641,400,36,39.089
2025-01-01 06:30:00,31.1,63.0,0,887,404,33,39.097
2025-01-01 06:45:00,31.3,64.1,0,845,406,35,39.106
2025-01-01 07:00:00,32.1,59.7,0,657,389,23,39.112
2025-01-01 07:15:00,31.5,60.9,0,1140,391,33,39.12
2025-01-01 07:30:00,32.6,62.6,0,510,407,37,39.129
2025-01-01 07:45:00,32.4,59.0,0,1239,387,19,39.134
2025-01-01 08:00:00,32.9,60.5,1,1121,401,323,39.215
2025-01-01 08:15:00,34.0,58.2,1,989,400,295,39.289
2025-01-01 08:30:00,33.0,59.3,1,640,408,352,39.377
2025-01-01 08:45:00,33.5,60.6,1,666,404,415,39.48
2025-01-01 09:00:00,34.6,57.5,1,2753,423,260,39.545
2025-01-01 09:15:00,34.6,57.9,1,2498,423,370,39.638
2025-01-01 09:30:00,34.7,57.0,1,2456,420,308,39.715
2025-01-01 09:45:00,35.6,58.2,1,3334,414,183,39.761
2025-01-01 10:00:00,35.3,57.8,1,3428,407,300,39.836
2025-01-01 10:15:00,35.0,58.5,1,3474,415,232,39.894
2025-01-01 10:30:00,35.9,59.7,1,2625,412,262,39.959
2025-01-01 10:45:00,35.8,59.0,1,2783,419,324,40.04
2025-01-01 11:00:00,35.9,58.5,1,2940,434,316,40.119
2025-01-01 11:15:00,36.2,60.6,1,2771,428,310,40.197
2025-01-01 11:30:00,36.6,60.4,1,2635,416,326,40.278
2025-01-01 11:45:00,36.2,60.2,0,3368,433,30,40.286
2025-01-01 12:00:00,35.9,57.1,1,2909,434,312,40.364
2025-01-01 12:15:00,36.6,55.5,1,3206,416,202,40.414
2025-01-01 12:30:00,35.4,60.7,0,3368,426,25,40.42
2025-01-01 12:45:00,35.7,58.4,1,3557,425,341,40.506
2025-01-01 13:00:00,35.8,58.6,1,3306,433,259,40.57
2025-01-01 13:15:00,36.2,56.6,1,2613,433,215,40.624
2025-01-01 13:30:00,36.1,57.5,1,2672,416,317,40.703
2025-01-01 13:45:00,35.7,57.7,1,2803,412,242,40.764
2025-01-01 14:00:00,35.4,58.6,1,3387,427,192,40.812
2025-01-01 14:15:00,35.1,58.5,0,3349,416,29,40.819
2025-01-01 14:30:00,34.5,59.5,1,3254,411,243,40.88
2025-01-01 14:45:00,33.9,61.9,1,2691,432,238,40.939
2025-01-01 15:00:00,34.7,60.8,1,2640,415,312,41.017
2025-01-01 15:15:00,34.1,60.0,1,3161,409,324,41.098
2025-01-01 15:30:00,33.4,59.8,1,2613,419,254,41.162
2025-01-01 15:45:00,32.7,62.3,1,2692,409,265,41.228
2025-01-01 16:00:00,32.4,62.6,1,2995,419,221,41.283
2025-01-01 16:15:00,32.8,59.5,1,1223,422,234,41.342
2025-01-01 16:30:00,32.1,62.9,1,1668,401,243,41.403
2025-01-01 16:45:00,31.3,61.5,1,1055,398,335,41.486
2025-01-01 17:00:00,32.2,59.6,1,1266,410,259,41.551
2025-01-01 17:15:00,31.6,60.9,1,824,406,344,41.637
2025-01-01 17:30:00,31.0,61.4,1,1326,395,273,41.705
2025-01-01 17:45:00,30.3,62.7,0,1317,403,19,41.71
2025-01-01 18:00:00,29.9,64.5,1,1615,414,201,41.76
2025-01-01 18:15:00,30.1,64.4,1,1340,394,215,41.814
2025-01-01 18:30:00,29.5,63.8,1,1353,408,290,41.887
2025-01-01 18:45:00,28.9,66.1,1,1064,383,268,41.954
2025-01-01 19:00:00,28.5,64.6,0,824,401,29,41.961
2025-01-01 19:15:00,27.9,62.6,0,1139,396,45,41.972
2025-01-01 19:30:00,27.5,65.1,1,1578,386,202,42.023
2025-01-01 19:45:00,27.6,64.4,1,1139,402,264,42.089
2025-01-01 20:00:00,27.3,63.2,1,935,398,249,42.151
2025-01-01 20:15:00,26.6,64.4,1,898,382,334,42.234
2025-01-01 20:30:00,26.0,65.6,1,1460,392,265,42.301
2025-01-01 20:45:00,26.1,68.6,1,1248,384,231,42.358
2025-01-01 21:00:00,26.1,67.3,1,1262,385,256,42.422
2025-01-01 21:15:00,25.0,65.3,1,1591,391,291,42.495
2025-01-01 21:30:00,25.3,65.3,1,1438,387,180,42.54
2025-01-01 21:45:00,25.6,67.7,0,950,364,22,42.546
2025-01-01 22:00:00,25.5,66.9,1,872,374,323,42.626
2025-01-01 22:15:00,24.8,65.0,0,1508,371,20,42.631
2025-01-01 22:30:00,24,70.0,0,694,385,20,42.636
2025-01-01 22:45:00,24.5,66.5,0,1598,379,18,42.641
2025-01-01 23:00:00,24,65.7,0,585,381,23,42.647
2025-01-01 23:15:00,24,69.2,0,1119,364,27,42.653
2025-01-01 23:30:00,24.1,66.9,0,998,379,37,42.663
2025-01-01 23:45:00,24.7,65.9,0,1199,378,25,42.669
2025-01-02 00:00:00,24.2,67.0,0,1601,376,30,42.676
2025-01-02 00:15:00,24.3,66.1,0,625,372,44,42.687
2025-01-02 00:30:00,24.4,65.6,0,596,363,42,42.698
2025-01-02 00:45:00,24,68.5,0,1497,365,25,42.704
2025-01-02 01:00:00,24.5,67.5,0,852,361,20,42.709
2025-01-02 01:15:00,24,65.9,0,1111,361,35,42.718
2025-01-02 01:30:00,24,66.2,0,707,375,29,42.725
2025-01-02 01:45:00,24.1,70.2,0,1699,361,22,42.731
2025-01-02 02:00:00,25.1,68.9,0,711,361,45,42.742
2025-01-02 02:15:00,24.6,69.6,0,1687,373,38,42.751
2025-01-02 02:30:00,24.6,69.3,0,1348,373,31,42.759
2025-01-02 02:45:00,26.2,67.6,0,626,361,38,42.769
2025-01-02 03:00:00,25.1,64.7,0,1562,361,33,42.777
2025-01-02 03:15:00,25.9,68.3,0,988,371,21,42.782
2025-01-02 03:30:00,26.8,67.7,0,1445,361,45,42.793
2025-01-02 03:45:00,26.5,66.4,0,1126,365,45,42.805
2025-01-02 04:00:00,27.2,63.8,0,901,375,22,42.81
2025-01-02 04:15:00,26.7,64.5,0,1172,387,36,42.819
2025-01-02 04:30:00,27.4,67.6,0,604,366,22,42.825
2025-01-02 04:45:00,28.8,61.7,0,612,372,37,42.834
2025-01-02 05:00:00,28.7,64.2,0,772,371,21,42.839
2025-01-02 05:15:00,29.5,65.3,0,1110,374,42,42.85
2025-01-02 05:30:00,28.6,66.7,0,741,381,21,42.855
2025-01-02 05:45:00,29.7,64.1,0,1467,398,28,42.862
2025-01-02 06:00:00,30.4,63.6,0,849,389,40,42.872
2025-01-02 06:15:00,30.7,62.6,0,801,376,21,42.877
2025-01-02 06:30:00,31.3,64.0,0,1299,382,38,42.887
2025-01-02 06:45:00,31.0,61.7,0,658,405,24,42.893
2025-01-02 07:00:00,32.1,60.7,0,1171,405,27,42.899
2025-01-02 07:15:00,31.8,61.9,0,1570,402,36,42.908
2025-01-02 07:30:00,32.6,62.4,0,1559,387,23,42.914
2025-01-02 07:45:00,32.4,62.1,0,1293,404,33,42.922
2025-01-02 08:00:00,32.9,61.9,1,658,396,239,42.982
2025-01-02 08:15:00,34.0,58.0,1,1309,391,282,43.053
2025-01-02 08:30:00,33.2,62.1,1,1182,402,330,43.135
2025-01-02 08:45:00,33.4,60.4,1,885,406,241,43.195
2025-01-02 09:00:00,34.9,61.2,1,3242,416,297,43.27
2025-01-02 09:15:00,35.2,57.6,1,2961,405,181,43.315
2025-01-02 09:30:00,34.7,61.0,0,3198,423,35,43.324
2025-01-02 09:45:00,35.4,61.1,1,2856,401,206,43.375
2025-01-02 10:00:00,34.9,58.1,1,3088,411,344,43.461
2025-01-02 10:15:00,35.9,58.3,1,2734,414,256,43.525
2025-01-02 10:30:00,35.3,60.4,1,3099,422,256,43.589
2025-01-02 10:45:00,35.6,59.6,1,2536,418,317,43.668
2025-01-02 11:00:00,35.1,60.2,1,3248,427,198,43.718
2025-01-02 11:15:00,36.2,58.8,1,3457,407,360,43.808
2025-01-02 11:30:00,35.6,57.4,1,3330,434,339,43.893
2025-01-02 11:45:00,36.7,57.5,1,2688,417,357,43.982
2025-01-02 12:00:00,36.3,56.7,1,3002,434,215,44.036
2025-01-02 12:15:00,36.1,58.0,1,3405,433,261,44.101
2025-01-02 12:30:00,36.5,55.5,0,2442,425,40,44.111
2025-01-02 12:45:00,36.0,58.4,1,3472,430,291,44.184
2025-01-02 13:00:00,36.2,57.0,1,2671,419,299,44.258
2025-01-02 13:15:00,36.0,56.5,1,3411,416,245,44.32
2025-01-02 13:30:00,35.4,58.9,1,3012,432,216,44.374
2025-01-02 13:45:00,35.5,59.1,1,2518,417,249,44.436
2025-01-02 14:00:00,35.9,58.4,0,2445,430,30,44.443
2025-01-02 14:15:00,34.5,58.8,1,2994,412,288,44.515
2025-01-02 14:30:00,34.6,60.5,0,2715,415,23,44.521
2025-01-02 14:45:00,33.9,61.3,1,3137,419,234,44.58
2025-01-02 15:00:00,33.6,61.5,1,3198,432,224,44.636
2025-01-02 15:15:00,34.1,62.3,1,3509,432,213,44.689
2025-01-02 15:30:00,33.1,60.7,1,2896,417,253,44.752
2025-01-02 15:45:00,33.8,62.3,0,2470,430,43,44.763
2025-01-02 16:00:00,32.9,62.4,1,3106,414,253,44.826
2025-01-02 16:15:00,33.3,58.4,1,594,408,252,44.889
2025-01-02 16:30:00,32.5,62.6,0,1479,407,31,44.897
2025-01-02 16:45:00,31.5,63.2,1,1016,414,367,44.989
2025-01-02 17:00:00,31.9,59.4,1,915,396,339,45.073
2025-01-02 17:15:00,30.6,62.1,1,1187,404,299,45.148
2025-01-02 17:30:00,30.2,62.1,1,1454,394,195,45.197
2025-01-02 17:45:00,30.5,60.8,1,1367,397,188,45.244
2025-01-02 18:00:00,30.3,62.3,1,668,390,194,45.292
2025-01-02 18:15:00,29.3,64.8,1,1004,399,317,45.372
2025-01-02 18:30:00,28.5,64.5,1,747,395,220,45.427
2025-01-02 18:45:00,28.6,64.2,1,931,397,342,45.512
2025-01-02 19:00:00,28.5,65.9,1,1479,394,197,45.561
2025-01-02 19:15:00,28.1,65.0,1,1537,380,212,45.614
2025-01-02 19:30:00,27.1,66.4,1,1698,402,179,45.659
2025-01-02 19:45:00,27.9,62.8,1,1125,381,209,45.711
2025-01-02 20:00:00,27.5,66.8,1,558,389,289,45.784
2025-01-02 20:15:00,26.8,64.9,1,1327,391,256,45.848
2025-01-02 20:30:00,26.4,65.1,1,1397,392,331,45.93
2025-01-02 20:45:00,25.8,65.5,1,1206,380,293,46.004
2025-01-02 21:00:00,25.3,68.5,1,519,388,258,46.068
2025-01-02 21:15:00,25.5,68.5,1,615,379,237,46.127
2025-01-02 21:30:00,25.7,66.9,1,1103,372,328,46.209
2025-01-02 21:45:00,24.5,65.3,1,1660,364,158,46.249
2025-01-02 22:00:00,24.6,66.6,1,1579,387,155,46.288
2025-01-02 22:15:00,25.1,65.2,0,1210,379,37,46.297
2025-01-02 22:30:00,24.8,68.2,0,677,379,33,46.305
2025-01-02 22:45:00,24.1,70.4,0,1391,361,23,46.311
2025-01-02 23:00:00,24.1,66.1,0,1273,369,33,46.319
2025-01-02 23:15:00,24.7,68.1,0,1443,378,25,46.325
2025-01-02 23:30:00,24,67.6,0,526,380,44,46.336
2025-01-02 23:45:00,24,68.7,0,1599,369,40,46.346
2025-01-03 00:00:00,24.1,67.7,0,960,375,26,46.353
2025-01-03 00:15:00,24,67.9,0,1618,362,35,46.362
2025-01-03 00:30:00,24,67.9,0,671,373,37,46.371
2025-01-03 00:45:00,24.3,66.0,0,1606,361,37,46.38
2025-01-03 01:00:00,24,65.9,0,880,375,26,46.387
2025-01-03 01:15:00,24,66.2,0,1088,373,42,46.397
2025-01-03 01:30:00,24,69.8,0,1112,361,36,46.406
2025-01-03 01:45:00,24.1,69.8,0,513,361,27,46.413
2025-01-03 02:00:00,25.2,66.7,0,825,361,19,46.418
2025-01-03 02:15:00,24.4,67.3,0,1411,370,26,46.424
2025-01-03 02:30:00,25.8,67.8,0,1607,376,34,46.433
2025-01-03 02:45:00,25.4,66.5,0,1194,377,39,46.442
2025-01-03 03:00:00,25.4,67.9,0,1297,361,29,46.45
2025-01-03 03:15:00,25.8,68.2,0,987,374,27,46.456
2025-01-03 03:30:00,26.7,66.9,0,864,371,34,46.465
2025-01-03 03:45:00,27.3,62.9,0,1682,381,40,46.475
2025-01-03 04:00:00,26.7,64.3,0,895,367,38,46.484
2025-01-03 04:15:00,26.7,68.1,0,803,363,34,46.493
2025-01-03 04:30:00,28.3,62.2,0,1464,372,40,46.503
2025-01-03 04:45:00,27.4,64.4,0,678,384,36,46.512
2025-01-03 05:00:00,28.1,64.0,0,1066,371,41,46.522
2025-01-03 05:15:00,29.4,62.0,0,1396,384,44,46.533
2025-01-03 05:30:00,29.3,63.5,0,626,394,30,46.541
2025-01-03 05:45:00,29.4,62.8,0,1135,384,21,46.546
2025-01-03 06:00:00,29.5,64.4,0,1430,392,40,46.556
2025-01-03 06:15:00,30.8,60.4,0,1253,378,42,46.566
2025-01-03 06:30:00,31.3,60.2,0,1100,382,19,46.571
2025-01-03 06:45:00,30.9,60.4,0,723,382,38,46.581
2025-01-03 07:00:00,32.1,63.8,0,1004,401,45,46.592
2025-01-03 07:15:00,32.2,60.5,0,1495,390,24,46.598
2025-01-03 07:30:00,32.8,59.6,0,702,409,44,46.609
2025-01-03 07:45:00,32.3,59.9,0,1325,386,33,46.617
2025-01-03 08:00:00,33.7,62.7,0,754,392,19,46.622
2025-01-03 08:15:00,33.3,62.2,1,1544,400,338,46.706
2025-01-03 08:30:00,33.3,62.4,1,895,407,375,46.8
2025-01-03 08:45:00,34.0,59.0,1,639,408,238,46.86
2025-01-03 09:00:00,34.4,57.8,1,2712,414,337,46.944
2025-01-03 09:15:00,35.1,60.3,1,3388,415,288,47.016
2025-01-03 09:30:00,35.0,60.1,0,2579,422,41,47.026
2025-01-03 09:45:00,34.3,59.3,1,2976,409,223,47.082
2025-01-03 10:00:00,34.8,60.0,1,2570,413,286,47.153
2025-01-03 10:15:00,35.3,58.4,1,3351,412,197,47.203
2025-01-03 10:30:00,35.9,60.6,1,2629,432,242,47.263
2025-01-03 10:45:00,35.5,60.4,1,3089,407,332,47.346
2025-01-03 11:00:00,36.0,56.3,1,2685,433,255,47.41
2025-01-03 11:15:00,36.0,60.3,1,3206,416,225,47.466
2025-01-03 11:30:00,36.6,58.3,1,3556,417,287,47.538
2025-01-03 11:45:00,36.3,58.2,1,2939,427,290,47.61
2025-01-03 12:00:00,35.7,58.3,1,2425,430,356,47.699
2025-01-03 12:15:00,36.1,56.0,1,2615,411,266,47.766
2025-01-03 12:30:00,36.0,59.8,1,2595,429,229,47.823
2025-01-03 12:45:00,35.2,57.0,0,2749,424,32,47.831
2025-01-03 13:00:00,35.8,57.9,1,3560,437,249,47.893
2025-01-03 13:15:00,36.1,58.8,1,2493,427,313,47.972
2025-01-03 13:30:00,35.1,58.6,1,3542,423,225,48.028
2025-01-03 13:45:00,34.9,57.4,1,3478,436,299,48.103
2025-01-03 14:00:00,35.5,61.1,1,2484,427,230,48.16
2025-01-03 14:15:00,34.8,61.8,1,3169,411,350,48.248
2025-01-03 14:30:00,34.6,61.5,0,3419,415,31,48.255
2025-01-03 14:45:00,34.9,56.9,1,2497,430,261,48.321
2025-01-03 15:00:00,33.9,61.2,1,2459,412,355,48.409
2025-01-03 15:15:00,34.3,59.7,1,3425,419,243,48.47
2025-01-03 15:30:00,33.1,59.2,1,2404,425,244,48.531
2025-01-03 15:45:00,33.6,61.6,1,3442,413,352,48.619
2025-01-03 16:00:00,33.2,60.7,1,3562,417,347,48.706
2025-01-03 16:15:00,32.3,62.0,1,529,403,291,48.779
2025-01-03 16:30:00,32.2,59.6,1,1188,413,256,48.843
2025-01-03 16:45:00,31.5,64.1,1,598,423,371,48.935
2025-01-03 17:00:00,31.7,59.7,1,1149,396,344,49.021
2025-01-03 17:15:00,31.4,62.2,0,603,416,39,49.031
2025-01-03 17:30:00,30.6,62.5,1,1077,406,332,49.114
2025-01-03 17:45:00,30.2,63.2,1,884,415,298,49.189
2025-01-03 18:00:00,29.4,63.7,1,1167,401,280,49.259
2025-01-03 18:15:00,29.5,65.9,1,1023,406,299,49.333
2025-01-03 18:30:00,29.3,65.8,1,1597,404,253,49.397
2025-01-03 18:45:00,28.7,66.0,1,620,406,240,49.457
2025-01-03 19:00:00,28.0,64.8,1,1362,398,211,49.509
2025-01-03 19:15:00,27.7,66.8,1,1152,399,227,49.566
2025-01-03 19:30:00,27.6,67.0,1,1214,377,246,49.628
2025-01-03 19:45:00,27.4,66.6,0,900,388,45,49.639
2025-01-03 20:00:00,27.5,66.5,1,1490,399,270,49.706
2025-01-03 20:15:00,27.0,63.4,1,880,390,257,49.771
2025-01-03 20:30:00,26.1,68.5,0,586,396,38,49.78
2025-01-03 20:45:00,25.6,65.9,1,1194,394,212,49.833
2025-01-03 21:00:00,26.3,66.7,1,1038,376,297,49.907
2025-01-03 21:15:00,24.8,68.5,1,543,376,267,49.974
2025-01-03 21:30:00,25.7,66.3,0,847,384,22,49.98
2025-01-03 21:45:00,24.9,66.8,1,728,385,320,50.06
2025-01-03 22:00:00,24.6,69.5,1,848,385,297,50.134
2025-01-03 22:15:00,24.5,69.4,0,789,366,33,50.142
2025-01-03 22:30:00,24.7,66.1,0,621,365,21,50.147
2025-01-03 22:45:00,24,66.3,0,1088,384,44,50.158
2025-01-03 23:00:00,24,70.0,0,925,377,42,50.169
2025-01-03 23:15:00,24.1,65.4,0,537,378,30,50.176
2025-01-03 23:30:00,24,68.0,0,1642,362,21,50.182
2025-01-03 23:45:00,24,67.4,0,1436,371,34,50.19
2025-01-04 00:00:00,24,65.6,0,1601,361,43,50.201
2025-01-04 00:15:00,24.7,69.5,0,1483,361,37,50.21
2025-01-04 00:30:00,24,66.7,0,551,361,45,50.221
2025-01-04 00:45:00,24.4,68.1,0,858,361,43,50.232
2025-01-04 01:00:00,24,65.6,0,1429,361,22,50.238
2025-01-04 01:15:00,24,67.8,0,853,377,34,50.246
2025-01-04 01:30:00,24.3,68.0,0,1696,371,27,50.253
2025-01-04 01:45:00,25.1,65.4,0,1615,361,33,50.261
2025-01-04 02:00:00,25.0,66.4,0,717,376,24,50.267
2025-01-04 02:15:00,25.3,67.5,0,1660,375,41,50.277
2025-01-04 02:30:00,24.7,68.7,0,1419,368,31,50.285
2025-01-04 02:45:00,25.7,64.9,0,1656,379,28,50.292
2025-01-04 03:00:00,25.4,67.1,0,1085,361,38,50.302
2025-01-04 03:15:00,25.5,64.9,0,1051,361,18,50.306
2025-01-04 03:30:00,25.9,67.4,0,1445,369,38,50.316
2025-01-04 03:45:00,26.4,63.7,0,1000,361,30,50.323
2025-01-04 04:00:00,27.4,65.4,0,1015,361,21,50.328
2025-01-04 04:15:00,27.1,67.8,0,1501,363,43,50.339
2025-01-04 04:30:00,27.4,65.3,0,1557,388,28,50.346
2025-01-04 04:45:00,27.8,62.6,0,1052,374,44,50.357
2025-01-04 05:00:00,29.0,62.8,0,692,384,34,50.366
2025-01-04 05:15:00,29.0,64.6,0,1289,374,26,50.372
2025-01-04 05:30:00,28.9,65.8,0,1485,383,19,50.377
2025-01-04 05:45:00,29.6,61.7,0,916,387,37,50.386
2025-01-04 06:00:00,30.0,63.9,0,1403,375,28,50.393
2025-01-04 06:15:00,30.9,63.3,0,1127,392,33,50.401
2025-01-04 06:30:00,31.1,62.0,0,1093,378,43,50.412
2025-01-04 06:45:00,30.5,63.9,0,1644,382,43,50.423
2025-01-04 07:00:00,31.7,64.1,0,877,382,32,50.431
2025-01-04 07:15:00,31.7,64.3,0,773,405,26,50.437
2025-01-04 07:30:00,32.6,63.5,0,1570,399,25,50.444
2025-01-04 07:45:00,32.0,63.3,0,643,389,42,50.454
2025-01-04 08:00:00,32.4,61.9,1,1187,404,428,50.561
2025-01-04 08:15:00,32.7,59.7,1,1020,410,355,50.65
2025-01-04 08:30:00,33.4,62.2,1,1689,399,229,50.707
2025-01-04 08:45:00,34.0,57.5,1,1152,408,261,50.772
2025-01-04 09:00:00,34.9,58.3,1,3048,399,332,50.855
2025-01-04 09:15:00,35.0,61.3,1,2464,401,207,50.907
2025-01-04 09:30:00,35.2,57.3,1,2701,405,313,50.985
2025-01-04 09:45:00,34.9,59.1,1,2512,425,262,51.051
2025-01-04 10:00:00,34.7,60.3,1,2849,421,291,51.124
2025-01-04 10:15:00,35.8,58.8,1,2928,426,314,51.202
2025-01-04 10:30:00,35.8,59.4,1,3041,431,364,51.293
2025-01-04 10:45:00,35.1,59.8,1,3596,419,259,51.358
2025-01-04 11:00:00,35.9,57.4,1,2731,424,365,51.449
2025-01-04 11:15:00,36.3,57.1,1,3525,420,318,51.529
2025-01-04 11:30:00,35.3,61.0,1,3255,418,264,51.595
2025-01-04 11:45:00,35.9,60.5,1,2730,423,232,51.653
2025-01-04 12:00:00,36.6,59.4,1,2674,423,221,51.708
2025-01-04 12:15:00,36.7,55.4,1,2787,416,274,51.776
2025-01-04 12:30:00,35.6,57.0,0,2475,438,29,51.784
2025-01-04 12:45:00,36.4,58.7,1,2469,413,313,51.862
2025-01-04 13:00:00,36.4,56.6,1,3021,428,281,51.932
2025-01-04 13:15:00,35.3,59.2,1,2820,423,219,51.987
2025-01-04 13:30:00,36.2,59.2,1,2898,411,231,52.045
2025-01-04 13:45:00,34.9,60.9,1,3331,425,373,52.138
2025-01-04 14:00:00,35.2,61.4,1,3461,426,256,52.202
2025-01-04 14:15:00,35.5,59.7,1,3014,415,258,52.266
2025-01-04 14:30:00,35.0,59.1,1,2989,410,237,52.326
2025-01-04 14:45:00,34.7,59.0,1,2480,434,297,52.4
2025-01-04 15:00:00,33.9,57.8,0,2960,432,43,52.411
2025-01-04 15:15:00,34.1,58.0,1,2522,417,323,52.491
2025-01-04 15:30:00,34.1,59.9,0,3055,419,32,52.499
2025-01-04 15:45:00,33.5,58.5,1,3442,428,273,52.568
2025-01-04 16:00:00,33.0,59.3,1,2892,430,275,52.636
2025-01-04 16:15:00,32.0,63.5,1,538,414,290,52.709
2025-01-04 16:30:00,31.9,60.4,1,776,418,389,52.806
2025-01-04 16:45:00,32.2,61.8,1,1452,406,202,52.857
2025-01-04 17:00:00,31.7,63.2,1,1027,402,291,52.929
2025-01-04 17:15:00,31.1,60.7,1,1026,407,365,53.021
2025-01-04 17:30:00,30.3,61.6,1,544,406,310,53.098
2025-01-04 17:45:00,30.6,64.5,0,613,409,45,53.109
2025-01-04 18:00:00,29.6,61.0,1,953,390,250,53.172
2025-01-04 18:15:00,30.0,64.3,1,508,393,289,53.244
2025-01-04 18:30:00,28.6,65.5,1,518,390,323,53.325
2025-01-04 18:45:00,28.2,66.7,1,638,408,234,53.383
2025-01-04 19:00:00,28.9,63.8,0,884,401,20,53.388
2025-01-04 19:15:00,28.5,66.2,1,1666,392,233,53.447
2025-01-04 19:30:00,27.2,66.7,0,563,402,28,53.454
2025-01-04 19:45:00,27.6,62.9,1,1520,390,256,53.518
2025-01-04 20:00:00,27.3,65.5,1,1359,379,257,53.582
2025-01-04 20:15:00,26.6,64.5,1,976,384,312,53.66
2025-01-04 20:30:00,26.5,64.6,0,840,390,44,53.671
2025-01-04 20:45:00,25.8,67.4,1,1270,378,324,53.752
2025-01-04 21:00:00,25.7,65.1,1,946,393,324,53.833
2025-01-04 21:15:00,25.2,66.8,0,1503,390,37,53.842
2025-01-04 21:30:00,25.4,65.5,1,528,365,220,53.897
2025-01-04 21:45:00,25.4,65.8,1,1565,384,260,53.962
2025-01-04 22:00:00,24.6,68.3,1,1433,369,306,54.039
2025-01-04 22:15:00,24.4,67.4,0,1163,368,42,54.049
2025-01-04 22:30:00,24.1,68.3,0,706,372,44,54.06
2025-01-04 22:45:00,24.3,69.2,0,708,361,22,54.066
2025-01-04 23:00:00,24.1,68.9,0,1583,374,38,54.075
2025-01-04 23:15:00,24.2,68.5,0,1429,371,45,54.086
2025-01-04 23:30:00,24.1,68.1,0,1241,367,27,54.093
2025-01-04 23:45:00,24,66.4,0,1135,378,38,54.103
